www.youtube.com/user/rhettandlink2,www.youtube.com/user/rhettandlink2
waitbutwhy.com,waitbutwhy.com
www.tijd.be,www.tijd.be/beurzen/euronext-brussel/bel20
www.tijd.be/beurzen/euronext-brussel/bel20,www.tijd.be/beurzen/euronext-brussel/bel20
toledo.kuleuven.be,toledo.kuleuven.be/portal
wiki.associatie.kuleuven.be/aplai,wiki.associatie.kuleuven.be/aplai/index.php/ECLiPSe_Exercises
www.youtube.com/user/rhettandlink2,www.youtube.com/user/rhettandlink2
www.tijd.be/marktenlive,www.tijd.be/marktenlive
www.standaard.be,www.standaard.be/nieuws/binnenland
www.standaard.be/cnt/dmf20160325_02203316,www.standaard.be/cnt/dmf20160325_02203316
www.standaard.be/cnt/dmf20160325_02203289,www.standaard.be/cnt/dmf20160325_02203289
www.standaard.be/nieuws/buitenland,www.standaard.be/nieuws/buitenland
www.standaard.be/cnt/dmf20160324_02200819,www.standaard.be/cnt/dmf20160324_02200819
www.standaard.be/nieuws/buitenland,www.standaard.be/nieuws/buitenland
toledo.kuleuven.be,toledo.kuleuven.be/portal
p.cygnus.cc.kuleuven.be/webapps/blackboard/content,p.cygnus.cc.kuleuven.be/webapps/blackboard/content
p.cygnus.cc.kuleuven.be/webapps/blackboard/execute,p.cygnus.cc.kuleuven.be/webapps/blackboard/execute
p.cygnus.cc.kuleuven.be/webapps/blackboard/content,p.cygnus.cc.kuleuven.be/webapps/blackboard/content
p.cygnus.cc.kuleuven.be/webapps/blackboard/execute,p.cygnus.cc.kuleuven.be/webapps/blackboard/execute
p.cygnus.cc.kuleuven.be/webapps/blackboard/content,p.cygnus.cc.kuleuven.be/webapps/blackboard/content
p.cygnus.cc.kuleuven.be/webapps/blackboard/content,p.cygnus.cc.kuleuven.be/webapps/blackboard/content
p.cygnus.cc.kuleuven.be/webapps/blackboard/content,p.cygnus.cc.kuleuven.be/webapps/blackboard/content
p.cygnus.cc.kuleuven.be/webapps/blackboard/content,p.cygnus.cc.kuleuven.be/webapps/blackboard/content
www.linkedin.com/nhome,www.linkedin.com/nhome
www.linkedin.com/wvmx,www.linkedin.com/wvmx
www.aftleuven.be,www.aftleuven.be
www.ibood.com,www.ibood.com/be/nl
www.1dayfly.com,www.1dayfly.com/be/nl
www.1dayfly.com/be/nl,www.1dayfly.com/be/nl
p.cygnus.cc.kuleuven.be/webapps/blackboard/content,p.cygnus.cc.kuleuven.be/webapps/blackboard/content
p.cygnus.cc.kuleuven.be/webapps/blackboard/execute,p.cygnus.cc.kuleuven.be/webapps/blackboard/execute
p.cygnus.cc.kuleuven.be/webapps/blackboard/content,p.cygnus.cc.kuleuven.be/webapps/blackboard/content
www.cosic.esat.kuleuven.be/cns,www.cosic.esat.kuleuven.be/cns/01_introduction/introduction.html
labsblog.f-secure.com,labsblog.f-secure.com
www.kuleuven.be/kuleuven,www.kuleuven.be/kuleuven
www.kuleuven.be/studenten,www.kuleuven.be/studenten
wet.kuleuven.be/studenten/index.html,wet.kuleuven.be/studenten/index.html
wet.kuleuven.be/schoolverlater/index.html,wet.kuleuven.be/schoolverlater/index.html
toledo.kuleuven.be,toledo.kuleuven.be/portal
p.cygnus.cc.kuleuven.be/webapps/blackboard/execute,p.cygnus.cc.kuleuven.be/webapps/blackboard/execute
