www.nieuwsblad.be,www.nieuwsblad.be/regio/startgemeente
www.nieuwsblad.be/regio,www.nieuwsblad.be/regio/startgemeente
www.nieuwsblad.be/nieuws,www.nieuwsblad.be/nieuws/binnenland
www.nieuwsblad.be/sportwereld,www.nieuwsblad.be/sportwereld/wielrennen
www.nieuwsblad.be/sportwereld,www.nieuwsblad.be/sportwereld/voetbal
www.reddit.com,www.reddit.com/r/all
www.reddit.com/r/photoshopbattles/comments/488v5v,www.reddit.com/r/photoshopbattles/comments/488v5v/psbattle_dicaprio_gets_an_oscar_for_best_actor
www.reddit.com/r/news,www.reddit.com/r/news/top
www.reddit.com/message,www.reddit.com/message/inbox
www.reddit.com/r/worldnews,www.reddit.com/r/worldnews/top
www.reddit.com/r/Advance_Wars/comments,www.reddit.com/r/Advance_Wars/comments/48myft/advance_wars_dual_strike_hard_campaign_max
www.reddit.com/r/RoomPorn/comments,www.reddit.com/r/RoomPorn/comments/48rw0h/comfy_movie_theater_634_x_423
www.reddit.com/r,www.reddit.com/r/all
www.reddit.com/r/Advance_Wars/comments/48myft,www.reddit.com/r/Advance_Wars/comments/48myft/advance_wars_dual_strike_hard_campaign_max
www.reddit.com/r/RoomPorn/comments/48rw0h,www.reddit.com/r/RoomPorn/comments/48rw0h/comfy_movie_theater_634_x_423
www.reddit.com/r/Advance_Wars,www.reddit.com/r/Advance_Wars/comments/48myft/advance_wars_dual_strike_hard_campaign_max
www.reddit.com/r/photoshopbattles/comments,www.reddit.com/r/photoshopbattles/comments/488v5v/psbattle_dicaprio_gets_an_oscar_for_best_actor
www.reddit.com/r/photoshopbattles,www.reddit.com/r/photoshopbattles/comments/488v5v/psbattle_dicaprio_gets_an_oscar_for_best_actor
www.reddit.com/r/RoomPorn,www.reddit.com/r/RoomPorn/comments/48rw0h/comfy_movie_theater_634_x_423
www.overleaf.com,www.overleaf.com/latex/templates
www.overleaf.com/latex,www.overleaf.com/latex/templates
uk.businessinsider.com,uk.businessinsider.com/tech
uk.businessinsider.com/category,uk.businessinsider.com/category/10-most-important-things-in-the-world
weather.com,weather.com/weather/today/l/LUXX0003:1:LU
weather.com,weather.com/weather/today/l/MXPA0070:1:MX
weather.com/weather/today/l,weather.com/weather/today/l/LUXX0003:1:LU
weather.com/weather/today/l,weather.com/weather/today/l/MXPA0070:1:MX
weather.com/weather/today,weather.com/weather/today/l/LUXX0003:1:LU
weather.com/weather/today,weather.com/weather/today/l/MXPA0070:1:MX
weather.com/weather,weather.com/weather/today/l/LUXX0003:1:LU
weather.com/weather,weather.com/weather/today/l/MXPA0070:1:MX
www.cedarpoint.com,www.cedarpoint.com/online-fun/live-video-cam
www.cedarpoint.com/online-fun,www.cedarpoint.com/online-fun/live-video-cam
www.radio1.be,www.radio1.be/programmas/playlists/overzicht
www.radio1.be/programmas/playlists,www.radio1.be/programmas/playlists/overzicht
www.radio1.be/programmas,www.radio1.be/programmas/playlists/overzicht
www.nationale-loterij.be,www.nationale-loterij.be/nl/onze-spelen/euro-millions/resultaten
www.nationale-loterij.be/nl/onze-spelen,www.nationale-loterij.be/nl/onze-spelen/euro-millions/resultaten
www.nationale-loterij.be/nl/onze-spelen/euro-millions,www.nationale-loterij.be/nl/onze-spelen/euro-millions/resultaten
www.nationale-loterij.be/nl,www.nationale-loterij.be/nl/onze-spelen/euro-millions/resultaten
sporza.be,sporza.be/cm/sporza/voetbal
sporza.be/cm/sporza/matchcenter/mc_voetbal/Engeland_1516/MG_speeldag_30,sporza.be/cm/sporza/matchcenter/mc_voetbal/Engeland_1516/MG_speeldag_30/1.2596816
sporza.be/cm/sporza/videozone/programmas,sporza.be/cm/sporza/videozone/programmas/extratime
sporza.be/cm/sporza/voetbal/buitenland,sporza.be/cm/sporza/voetbal/buitenland/Engeland
sporza.be/cm/sporza/videozone/v_FIFAWK_voetbal/RodeDuivels,sporza.be/cm/sporza/videozone/v_FIFAWK_voetbal/RodeDuivels/1.2612175
sporza.be/cm/sporza/videozone/v_FIFAWK_voetbal/RodeDuivels,sporza.be/cm/sporza/videozone/v_FIFAWK_voetbal/RodeDuivels/1.2612524
sporza.be/cm/sporza/videozone,sporza.be/cm/sporza/videozone/v_FIFAWK_voetbal/RodeDuivels/1.2612175
sporza.be/cm/sporza/videozone,sporza.be/cm/sporza/videozone/v_FIFAWK_voetbal/RodeDuivels/1.2612524
sporza.be/cm/sporza/matchcenter/mc_wielrennen,sporza.be/cm/sporza/matchcenter/mc_wielrennen/Comp_voorjaar_2016/1.2581341
sporza.be/cm/sporza/matchcenter/mc_wielrennen,sporza.be/cm/sporza/matchcenter/mc_wielrennen/Comp_voorjaar_2016/1.2587904
sporza.be/cm/sporza/videozone/v_FIFAWK_voetbal,sporza.be/cm/sporza/videozone/v_FIFAWK_voetbal/RodeDuivels/1.2612175
sporza.be/cm/sporza/videozone/v_FIFAWK_voetbal,sporza.be/cm/sporza/videozone/v_FIFAWK_voetbal/RodeDuivels/1.2612524
sporza.be/cm/sporza/matchcenter/mc_voetbal/jupilerleague_1516,sporza.be/cm/sporza/matchcenter/mc_voetbal/jupilerleague_1516/JPL_PO_speeldag1
sporza.be/cm/sporza/matchcenter/mc_wielrennen/Comp_voorjaar_2016,sporza.be/cm/sporza/matchcenter/mc_wielrennen/Comp_voorjaar_2016/1.2581341
sporza.be/cm/sporza/matchcenter/mc_wielrennen/Comp_voorjaar_2016,sporza.be/cm/sporza/matchcenter/mc_wielrennen/Comp_voorjaar_2016/1.2587904
sporza.be/cm/sporza/matchcenter/mc_voetbal/Engeland_1516/MG_speeldag_31,sporza.be/cm/sporza/matchcenter/mc_voetbal/Engeland_1516/MG_speeldag_31/1.2604421
sporza.be/cm/sporza/matchcenter/mc_voetbal/Engeland_1516,sporza.be/cm/sporza/matchcenter/mc_voetbal/Engeland_1516/MG_speeldag_31/1.2604421
sporza.be/cm/sporza/matchcenter/mc_voetbal/Engeland_1516,sporza.be/cm/sporza/matchcenter/mc_voetbal/Engeland_1516/MG_speeldag_30/1.2596816
sporza.be/cm/sporza/matchcenter/mc_voetbal,sporza.be/cm/sporza/matchcenter/mc_voetbal/jupilerleague_1516
sporza.be/cm/sporza/matchcenter/mc_voetbal,sporza.be/cm/sporza/matchcenter/mc_voetbal/Engeland_1516
sporza.be/cm/sporza/voetbal/Jupiler_Pro_League,sporza.be/cm/sporza/voetbal/Jupiler_Pro_League/2.5199
sporza.be/cm/sporza,sporza.be/cm/sporza/voetbal/Jupiler_Pro_League
sporza.be/cm/sporza/voetbal,sporza.be/cm/sporza/voetbal/buitenland/Engeland
sporza.be/cm/sporza/tennis,sporza.be/cm/sporza/tennis/ranglijsten
sporza.be/cm/sporza/atletiek,sporza.be/cm/sporza/atletiek/WK_atletiek
sporza.be/cm/sporza/matchcenter,sporza.be/cm/sporza/matchcenter/mc_voetbal/jupilerleague_1516
sporza.be/cm/sporza/matchcenter,sporza.be/cm/sporza/matchcenter/mc_voetbal/Engeland_1516
sporza.be/cm,sporza.be/cm/sporza/voetbal
www.hbvl.be,www.hbvl.be/tot-uw-dienst/info-en-contact
www.hbvl.be/tot-uw-dienst,www.hbvl.be/tot-uw-dienst/info-en-contact
tweakers.net,tweakers.net/categorie/496/laptops/producten
tweakers.net/categorie/496/laptops,tweakers.net/categorie/496/laptops/producten
tweakers.net/categorie,tweakers.net/categorie/496/laptops/producten
tweakers.net/categorie/215/smartphones,tweakers.net/categorie/215/smartphones/producten
tweakers.net/categorie/215,tweakers.net/categorie/215/smartphones/producten
tweakers.net/categorie/496,tweakers.net/categorie/496/laptops/producten
www.apple.com,www.apple.com/iphone
www.apple.com/shop,www.apple.com/shop/buy-mac/macbook
www.apple.com/shop/buy-mac,www.apple.com/shop/buy-mac/macbook
www.google.be,www.google.be/intl/en/about
www.google.be/intl/en,www.google.be/intl/en/about
www.google.be/intl,www.google.be/intl/en/about
www.bol.com,www.bol.com/nl/m/nederlandse-boeken/thrillers-fantasy/N/255+8293/index.html
www.bol.com/nl/m/nederlandse-boeken/thrillers-fantasy/N/255+8293,www.bol.com/nl/m/nederlandse-boeken/thrillers-fantasy/N/255+8293/index.html
www.bol.com/nl/boeken/nederlandse-boeken,www.bol.com/nl/boeken/nederlandse-boeken/index.html
www.bol.com/nl,www.bol.com/nl/m/nederlandse-boeken/thrillers-fantasy/N/255+8293/index.html
www.bol.com/nl/m/nederlandse-boeken/thrillers-fantasy,www.bol.com/nl/m/nederlandse-boeken/thrillers-fantasy/N/255+8293/index.html
www.bol.com/nl/boeken,www.bol.com/nl/boeken/nederlandse-boeken/index.html
www.bol.com/nl/m/nederlandse-boeken/thrillers-fantasy/N,www.bol.com/nl/m/nederlandse-boeken/thrillers-fantasy/N/255+8293/index.html
www.bol.com/nl/m/nederlandse-boeken,www.bol.com/nl/m/nederlandse-boeken/thrillers-fantasy/N/255+8293/index.html
www.bol.com/nl/m,www.bol.com/nl/m/nederlandse-boeken/thrillers-fantasy/N/255+8293/index.html
www.youtube.com,www.youtube.com/yt/dev/api-resources.html
www.youtube.com/yt/dev,www.youtube.com/yt/dev/api-resources.html
www.youtube.com/yt,www.youtube.com/yt/dev/api-resources.html
www.youtube.com/user,www.youtube.com/user/rhettandlink2
www.kapaza.be,www.kapaza.be/nl/auto
www.kapaza.be,www.kapaza.be/nl/bmw
www.kapaza.be/nl,www.kapaza.be/nl/auto
www.kapaza.be/nl,www.kapaza.be/nl/bmw
www.hln.be,www.hln.be/hln/nl
www.hln.be/hln/nl/2656/Global-Warming/article/detail/2654038/2016,www.hln.be/hln/nl/2656/Global-Warming/article/detail/2654038/2016/03/22/Groot-watertekort-in-2030.dhtml
www.hln.be/hln/nl,www.hln.be/hln/nl/923/Sport/index.dhtml
www.hln.be/hln/nl/957/Binnenland/article/detail/2657907/2016/03,www.hln.be/hln/nl/957/Binnenland/article/detail/2657907/2016/03/25/Video-toont-hoe-politie-kind-weghaalt-bij-neergeschoten-verdachte-in-Schaarbeek.dhtml
www.hln.be/hln/nl/2656/Global-Warming/article/detail/2654038/2016/03,www.hln.be/hln/nl/2656/Global-Warming/article/detail/2654038/2016/03/22/Groot-watertekort-in-2030.dhtml
www.hln.be/hln/nl/9090/Voetbal,www.hln.be/hln/nl/9090/Voetbal/index.dhtml
www.hln.be/hln,www.hln.be/hln/nl/923/Sport/index.dhtml
www.hln.be/hln/nl/957/Binnenland/article/detail/2657907/2016/03/25,www.hln.be/hln/nl/957/Binnenland/article/detail/2657907/2016/03/25/Video-toont-hoe-politie-kind-weghaalt-bij-neergeschoten-verdachte-in-Schaarbeek.dhtml
www.hln.be/hln/nl/957,www.hln.be/hln/nl/957/Binnenland/article/detail/2657907/2016/03/25/Video-toont-hoe-politie-kind-weghaalt-bij-neergeschoten-verdachte-in-Schaarbeek.dhtml
www.hln.be/hln/nl/2656/Global-Warming,www.hln.be/hln/nl/2656/Global-Warming/article/detail/2654038/2016/03/22/Groot-watertekort-in-2030.dhtml
www.hln.be/hln/nl/961,www.hln.be/hln/nl/961/Wetenschap/2324/Global-Warming/actua/index.dhtml
www.hln.be/hln/nl/957/Binnenland/article/detail/2657907,www.hln.be/hln/nl/957/Binnenland/article/detail/2657907/2016/03/25/Video-toont-hoe-politie-kind-weghaalt-bij-neergeschoten-verdachte-in-Schaarbeek.dhtml
www.hln.be/hln/nl/2656,www.hln.be/hln/nl/2656/Global-Warming/article/detail/2654038/2016/03/22/Groot-watertekort-in-2030.dhtml
www.hln.be/hln/nl/2656/Global-Warming/article/detail,www.hln.be/hln/nl/2656/Global-Warming/article/detail/2654038/2016/03/22/Groot-watertekort-in-2030.dhtml
www.hln.be/hln/nl/957/Binnenland/article/detail,www.hln.be/hln/nl/957/Binnenland/article/detail/2657907/2016/03/25/Video-toont-hoe-politie-kind-weghaalt-bij-neergeschoten-verdachte-in-Schaarbeek.dhtml
www.hln.be/hln/nl/957/Binnenland,www.hln.be/hln/nl/957/Binnenland/article/detail/2657907/2016/03/25/Video-toont-hoe-politie-kind-weghaalt-bij-neergeschoten-verdachte-in-Schaarbeek.dhtml
www.hln.be/hln/nl/949,www.hln.be/hln/nl/949/Belgisch-Voetbal/index.dhtml
www.hln.be/hln/nl/9090,www.hln.be/hln/nl/9090/Voetbal/index.dhtml
www.hln.be/regio,www.hln.be/regio/nieuws-uit-mol
www.hln.be/regio,www.hln.be/regio/nieuws-uit-zemst
www.hln.be/hln/nl/923/Sport,www.hln.be/hln/nl/923/Sport/index.dhtml
www.hln.be/hln/nl/2656/Global-Warming/article/detail/2654038/2016/03/22,www.hln.be/hln/nl/2656/Global-Warming/article/detail/2654038/2016/03/22/Groot-watertekort-in-2030.dhtml
www.hln.be/hln/nl/961/Wetenschap/2324,www.hln.be/hln/nl/961/Wetenschap/2324/Global-Warming/actua/index.dhtml
www.hln.be/hln/nl/961/Wetenschap,www.hln.be/hln/nl/961/Wetenschap/2324/Global-Warming/actua/index.dhtml
www.hln.be/hln/nl/961/Wetenschap/2324/Global-Warming,www.hln.be/hln/nl/961/Wetenschap/2324/Global-Warming/actua/index.dhtml
www.hln.be/hln/nl/957/Binnenland/article/detail/2657907/2016,www.hln.be/hln/nl/957/Binnenland/article/detail/2657907/2016/03/25/Video-toont-hoe-politie-kind-weghaalt-bij-neergeschoten-verdachte-in-Schaarbeek.dhtml
www.hln.be/hln/nl/961/Wetenschap/2324/Global-Warming/actua,www.hln.be/hln/nl/961/Wetenschap/2324/Global-Warming/actua/index.dhtml
www.hln.be/hln/nl/2656/Global-Warming/article,www.hln.be/hln/nl/2656/Global-Warming/article/detail/2654038/2016/03/22/Groot-watertekort-in-2030.dhtml
www.hln.be/regio/nieuws-uit-zemst,www.hln.be/regio/nieuws-uit-zemst/comite-p-onderzoekt-terreurtip-a2657330
www.hln.be/hln/nl/957/Binnenland/article,www.hln.be/hln/nl/957/Binnenland/article/detail/2657907/2016/03/25/Video-toont-hoe-politie-kind-weghaalt-bij-neergeschoten-verdachte-in-Schaarbeek.dhtml
www.hln.be/hln/nl/923,www.hln.be/hln/nl/923/Sport/index.dhtml
www.hln.be/hln/nl/949/Belgisch-Voetbal,www.hln.be/hln/nl/949/Belgisch-Voetbal/index.dhtml
www.hln.be/hln/nl/2656/Global-Warming/article/detail/2654038,www.hln.be/hln/nl/2656/Global-Warming/article/detail/2654038/2016/03/22/Groot-watertekort-in-2030.dhtml
www.kuleuven.be,www.kuleuven.be/onderwijs/student
www.kuleuven.be/sport/sportaanbod/individuele-sporten,www.kuleuven.be/sport/sportaanbod/individuele-sporten/badminton
www.kuleuven.be/toekomstigestudenten,www.kuleuven.be/toekomstigestudenten/info-per-campus.php
www.kuleuven.be/studentenvoorzieningen,www.kuleuven.be/studentenvoorzieningen/jobdienst/jobstudent
www.kuleuven.be/studentenvoorzieningen/jobdienst,www.kuleuven.be/studentenvoorzieningen/jobdienst/jobstudent
www.kuleuven.be/sport,www.kuleuven.be/sport/sportaanbod/individuele-sporten/badminton
www.kuleuven.be/wieiswie/en,www.kuleuven.be/wieiswie/en/person/00015195
www.kuleuven.be/campus/leuven,www.kuleuven.be/campus/leuven/index.html
www.kuleuven.be/onderwijs/traject/vrijstelling,www.kuleuven.be/onderwijs/traject/vrijstelling/index
www.kuleuven.be/onderwijs/studievoortgang,www.kuleuven.be/onderwijs/studievoortgang/studievoortgang/toleranties
www.kuleuven.be/studenten,www.kuleuven.be/studentenvoorzieningen/jobdienst/jobstudent
www.kuleuven.be/wieiswie/en/person,www.kuleuven.be/wieiswie/en/person/00015195
www.kuleuven.be/onderwijs/studievoortgang/studievoortgang,www.kuleuven.be/onderwijs/studievoortgang/studievoortgang/toleranties
www.kuleuven.be/campus,www.kuleuven.be/campus/leuven/index.html
www.kuleuven.be/wieiswie,www.kuleuven.be/wieiswie/en/person/00015195
www.kuleuven.be/sport/sportaanbod,www.kuleuven.be/sport/sportaanbod/individuele-sporten/badminton
www.kuleuven.be/onderwijs/traject,www.kuleuven.be/onderwijs/traject/vrijstelling/index
www.kuleuven.be/onderwijs,www.kuleuven.be/onderwijs/student
onderwijsaanbod.kuleuven.be,onderwijsaanbod.kuleuven.be/opleidingen/n/SC_51230411.htm
onderwijsaanbod.kuleuven.be/opleidingen/n,onderwijsaanbod.kuleuven.be/opleidingen/n/SC_51230411.htm
onderwijsaanbod.kuleuven.be/opleidingen,onderwijsaanbod.kuleuven.be/opleidingen/n/SC_51230411.htm
onderwijsaanbod.kuleuven.be/syllabi/n,onderwijsaanbod.kuleuven.be/syllabi/n/H04J4AN.htm
onderwijsaanbod.kuleuven.be/syllabi,onderwijsaanbod.kuleuven.be/syllabi/e/H0T25AE.htm
onderwijsaanbod.kuleuven.be/syllabi/e,onderwijsaanbod.kuleuven.be/syllabi/e/H0T25AE.htm
onderwijsaanbod.kuleuven.be/opleidingen/e,onderwijsaanbod.kuleuven.be/opleidingen/e/SC_51016880.htm
deredactie.be,deredactie.be/cm/vrtnieuws/videozone
deredactie.be/cm/vrtnieuws/videozone/nieuws,deredactie.be/cm/vrtnieuws/videozone/nieuws/politiek/1.2612587
deredactie.be/cm/vrtnieuws/binnenland,deredactie.be/cm/vrtnieuws/binnenland/1.2608715
deredactie.be/cm,deredactie.be/cm/vrtnieuws/videozone
deredactie.be/cm/vrtnieuws/videozone/nieuws/politiek,deredactie.be/cm/vrtnieuws/videozone/nieuws/politiek/1.2612587
deredactie.be/cm/vrtnieuws/videozone,deredactie.be/cm/vrtnieuws/videozone/programmas/journaal
deredactie.be/cm/vrtnieuws/2.43497,deredactie.be/cm/vrtnieuws/2.43497/1.2608073
deredactie.be/cm/vrtnieuws/buitenland,deredactie.be/cm/vrtnieuws/buitenland/Amerika-kiest
deredactie.be/cm/vrtnieuws/regio/brussel,deredactie.be/cm/vrtnieuws/regio/brussel/1.2607885
deredactie.be/cm/vrtnieuws/regio,deredactie.be/cm/vrtnieuws/regio/antwerpen
deredactie.be/cm/vrtnieuws,deredactie.be/cm/vrtnieuws/videozone
deredactie.be/cm/vrtnieuws/cultuur%2Ben%2Bmedia,deredactie.be/cm/vrtnieuws/cultuur%2Ben%2Bmedia/film
deredactie.be/cm/vrtnieuws/videozone/programmas,deredactie.be/cm/vrtnieuws/videozone/programmas/journaal
9gag.com,9gag.com/trending
toledo.kuleuven.be,toledo.kuleuven.be/portal
eng.kuleuven.be,eng.kuleuven.be/studenten/masterproef/masterproef/index.html
eng.kuleuven.be/webcms,eng.kuleuven.be/webcms/Shibboleth.sso
eng.kuleuven.be/studenten,eng.kuleuven.be/studenten/masterproef/masterproef/index.html
eng.kuleuven.be/studenten/examens-evaluatie-diploma-1,eng.kuleuven.be/studenten/examens-evaluatie-diploma-1/index
eng.kuleuven.be/studenten/examens-evaluatie-diploma-1,eng.kuleuven.be/studenten/examens-evaluatie-diploma-1/diploma
eng.kuleuven.be/studenten/masterproef,eng.kuleuven.be/studenten/masterproef/masterproef/index.html
eng.kuleuven.be/studenten/programmas,eng.kuleuven.be/studenten/programmas/programma/index.html
eng.kuleuven.be/studenten/masterproef/masterproef,eng.kuleuven.be/studenten/masterproef/masterproef/index.html
eng.kuleuven.be/studenten/programmas/programma,eng.kuleuven.be/studenten/programmas/programma/index.html
southpark.cc.com,southpark.cc.com/full-episodes
southpark.cc.com/full-episodes,southpark.cc.com/full-episodes/s19e05-safe-space
stackoverflow.com,stackoverflow.com/jobs
www.standaard.be,www.standaard.be/nieuws/sport
www.standaard.be/plus,www.standaard.be/plus/ochtend
www.standaard.be/nieuws/sport,www.standaard.be/nieuws/sport/voetbal
www.standaard.be/tag,www.standaard.be/tag/aanslagen-brussel
www.standaard.be/cnt,www.standaard.be/cnt/dmf20160326_02205478
www.standaard.be/nieuws,www.standaard.be/nieuws/sport
www.meteovista.be,www.meteovista.be/Europa/Belgie/Leuven/4054147
www.meteovista.be/Europa/Belgie,www.meteovista.be/Europa/Belgie/Leuven/4054147
www.meteovista.be/Europa,www.meteovista.be/Europa/Belgie/Leuven/4054147
www.meteovista.be/Europa/Belgie/Leuven,www.meteovista.be/Europa/Belgie/Leuven/4054147
wet.kuleuven.be,wet.kuleuven.be/studenten/onderwijs
wet.kuleuven.be/studenten,wet.kuleuven.be/studenten/onderwijs
webwsp.aps.kuleuven.be,webwsp.aps.kuleuven.be/sap(bD1ubCZjPTIwMA==)/public/bsp/sap/z_mijnuurrstrs
webwsp.aps.kuleuven.be/sap(bD1ubCZjPTIwMA==)/public/bsp/sap,webwsp.aps.kuleuven.be/sap(bD1ubCZjPTIwMA==)/public/bsp/sap/z_mijnuurrstrs
webwsp.aps.kuleuven.be/sap(bD1ubCZjPTIwMA==)/public,webwsp.aps.kuleuven.be/sap(bD1ubCZjPTIwMA==)/public/bsp/sap/z_mijnuurrstrs
webwsp.aps.kuleuven.be/sap(bD1ubCZjPTIwMA==)/public/bsp,webwsp.aps.kuleuven.be/sap(bD1ubCZjPTIwMA==)/public/bsp/sap/z_mijnuurrstrs
webwsp.aps.kuleuven.be/sap(bD1ubCZjPTIwMA==),webwsp.aps.kuleuven.be/sap(bD1ubCZjPTIwMA==)/public/bsp/sap/z_mijnuurrstrs
steamcommunity.com,steamcommunity.com/market/listings/730/AWP%20%7C%20Man-o%27-war%20%28Minimal%20Wear%29
steamcommunity.com/market,steamcommunity.com/market/listings/730/AWP%20%7C%20Man-o%27-war%20%28Minimal%20Wear%29
steamcommunity.com/market/listings/730,steamcommunity.com/market/listings/730/AWP%20%7C%20Man-o%27-war%20%28Minimal%20Wear%29
steamcommunity.com/market/listings,steamcommunity.com/market/listings/730/AWP%20%7C%20Man-o%27-war%20%28Minimal%20Wear%29
www.vier.be,www.vier.be/demol/programmas/de-mol
www.vier.be/demol/programmas,www.vier.be/demol/programmas/de-mol
www.vier.be/demol/videos/aflevering-van-1-februari,www.vier.be/demol/videos/aflevering-van-1-februari/1632191
www.vier.be/theskyisthelimit/programmas,www.vier.be/theskyisthelimit/programmas/sky-limit
www.vier.be/demol/videos,www.vier.be/demol/videos/aflevering-van-1-februari/1632191
www.vier.be/demol/videos,www.vier.be/demol/videos/aflevering-van-15-februari/1684566
www.vier.be/demol/videos,www.vier.be/demol/videos/aflevering-van-22-februari/1704426
www.vier.be/demol/videos/aflevering-van-22-februari,www.vier.be/demol/videos/aflevering-van-22-februari/1704426
www.vier.be/volledige-afleveringen,www.vier.be/volledige-afleveringen/964036
www.vier.be/demol/videos/aflevering-van-15-februari,www.vier.be/demol/videos/aflevering-van-15-februari/1684566
www.vier.be/theskyisthelimit,www.vier.be/theskyisthelimit/programmas/sky-limit
www.vier.be/demol,www.vier.be/demol/programmas/de-mol
p.cygnus.cc.kuleuven.be,p.cygnus.cc.kuleuven.be/webapps/blackboard/content
p.cygnus.cc.kuleuven.be/bbcswebdav,p.cygnus.cc.kuleuven.be/bbcswebdav/pid-17264512-dt-content-rid-71463075_2/courses/B-KUL-H02C6a-1516
p.cygnus.cc.kuleuven.be/bbcswebdav,p.cygnus.cc.kuleuven.be/bbcswebdav/pid-17248235-dt-content-rid-70805699_2/courses/B-KUL-H02C6a-1516
p.cygnus.cc.kuleuven.be/bbcswebdav,p.cygnus.cc.kuleuven.be/bbcswebdav/pid-17284443-dt-content-rid-72649804_2/courses/B-KUL-H02C6a-1516
p.cygnus.cc.kuleuven.be/bbcswebdav,p.cygnus.cc.kuleuven.be/bbcswebdav/pid-15281699-dt-content-rid-69211904_2/courses/B-KUL-H02A8a-1516
p.cygnus.cc.kuleuven.be/bbcswebdav/pid-17264512-dt-content-rid-71463075_2/courses,p.cygnus.cc.kuleuven.be/bbcswebdav/pid-17264512-dt-content-rid-71463075_2/courses/B-KUL-H02C6a-1516
p.cygnus.cc.kuleuven.be/bbcswebdav/pid-15281699-dt-content-rid-69211904_2,p.cygnus.cc.kuleuven.be/bbcswebdav/pid-15281699-dt-content-rid-69211904_2/courses/B-KUL-H02A8a-1516
p.cygnus.cc.kuleuven.be/bbcswebdav/pid-17248235-dt-content-rid-70805699_2,p.cygnus.cc.kuleuven.be/bbcswebdav/pid-17248235-dt-content-rid-70805699_2/courses/B-KUL-H02C6a-1516
p.cygnus.cc.kuleuven.be/webapps/blackboard/execute,p.cygnus.cc.kuleuven.be/webapps/blackboard/execute/course/tools
p.cygnus.cc.kuleuven.be/webapps/blackboard,p.cygnus.cc.kuleuven.be/webapps/blackboard/content
p.cygnus.cc.kuleuven.be/webapps/blackboard/execute/course,p.cygnus.cc.kuleuven.be/webapps/blackboard/execute/course/tools
p.cygnus.cc.kuleuven.be/webapps/discussionboard,p.cygnus.cc.kuleuven.be/webapps/discussionboard/do
p.cygnus.cc.kuleuven.be/webapps,p.cygnus.cc.kuleuven.be/webapps/blackboard/content
p.cygnus.cc.kuleuven.be/bbcswebdav/pid-17264512-dt-content-rid-71463075_2,p.cygnus.cc.kuleuven.be/bbcswebdav/pid-17264512-dt-content-rid-71463075_2/courses/B-KUL-H02C6a-1516
p.cygnus.cc.kuleuven.be/bbcswebdav/pid-17284443-dt-content-rid-72649804_2/courses,p.cygnus.cc.kuleuven.be/bbcswebdav/pid-17284443-dt-content-rid-72649804_2/courses/B-KUL-H02C6a-1516
p.cygnus.cc.kuleuven.be/bbcswebdav/pid-15281699-dt-content-rid-69211904_2/courses,p.cygnus.cc.kuleuven.be/bbcswebdav/pid-15281699-dt-content-rid-69211904_2/courses/B-KUL-H02A8a-1516
p.cygnus.cc.kuleuven.be/bbcswebdav/pid-17284443-dt-content-rid-72649804_2,p.cygnus.cc.kuleuven.be/bbcswebdav/pid-17284443-dt-content-rid-72649804_2/courses/B-KUL-H02C6a-1516
p.cygnus.cc.kuleuven.be/bbcswebdav/pid-17248235-dt-content-rid-70805699_2/courses,p.cygnus.cc.kuleuven.be/bbcswebdav/pid-17248235-dt-content-rid-70805699_2/courses/B-KUL-H02C6a-1516
www.meteo.be,www.meteo.be/meteo/view/nl/123507-Zee-+en+kustweerbericht.html
www.meteo.be,www.meteo.be/meteo/view/nl/65239-Home.html
www.meteo.be/meteo/view,www.meteo.be/meteo/view/nl/123507-Zee-+en+kustweerbericht.html
www.meteo.be/meteo/view,www.meteo.be/meteo/view/nl/65239-Home.html
www.meteo.be/meteo/view/nl,www.meteo.be/meteo/view/nl/123507-Zee-+en+kustweerbericht.html
www.meteo.be/meteo/view/nl,www.meteo.be/meteo/view/nl/65239-Home.html
www.meteo.be/meteo,www.meteo.be/meteo/view/nl/123507-Zee-+en+kustweerbericht.html
www.meteo.be/meteo,www.meteo.be/meteo/view/nl/65239-Home.html
doorbraak.be,doorbraak.be/nl/nieuws
doorbraak.be/nl,doorbraak.be/nl/nieuws
doorbraak.be/nl/nieuws,doorbraak.be/nl/nieuws/voortschrijdend-inzicht-bij-jo%C3%ABl-de-ceulaer
doorbraak.be/nl/nieuws,doorbraak.be/nl/nieuws/de-vijand-die-niet-genoemd-mag-worden
doorbraak.be/nl/nieuws,doorbraak.be/nl/nieuws/europa-opnieuw-oorlog
www.knack.be,www.knack.be/nieuws/belgie
www.knack.be/nieuws/belgie/man-opgepakt-bij-antiterreuractie-schaarbeek-jambon-een-persoon-uit-politieapparaat-heeft-geblunderd,www.knack.be/nieuws/belgie/man-opgepakt-bij-antiterreuractie-schaarbeek-jambon-een-persoon-uit-politieapparaat-heeft-geblunderd/live-normal-681403.html
www.knack.be/nieuws/belgie/explosies-luchthaven-zaventem-13-doden-35-gewonden-mivb-bevestigt-aanslag-metrostation-maalbeek,www.knack.be/nieuws/belgie/explosies-luchthaven-zaventem-13-doden-35-gewonden-mivb-bevestigt-aanslag-metrostation-maalbeek/live-normal-681403.html
www.knack.be/nieuws/belgie/video-s-explosies-zaventem-evacuatie-en-moment-van-explosie,www.knack.be/nieuws/belgie/video-s-explosies-zaventem-evacuatie-en-moment-van-explosie/article-normal-681449.html
www.knack.be/nieuws,www.knack.be/nieuws/belgie/man-opgepakt-bij-antiterreuractie-schaarbeek-jambon-een-persoon-uit-politieapparaat-heeft-geblunderd/live-normal-681403.html
www.knack.be/nieuws,www.knack.be/nieuws/belgie/video-s-explosies-zaventem-evacuatie-en-moment-van-explosie/article-normal-681449.html
www.knack.be/nieuws,www.knack.be/nieuws/belgie/explosies-luchthaven-zaventem-13-doden-35-gewonden-mivb-bevestigt-aanslag-metrostation-maalbeek/live-normal-681403.html
www.knack.be/nieuws/belgie,www.knack.be/nieuws/belgie/man-opgepakt-bij-antiterreuractie-schaarbeek-jambon-een-persoon-uit-politieapparaat-heeft-geblunderd/live-normal-681403.html
www.knack.be/nieuws/belgie,www.knack.be/nieuws/belgie/video-s-explosies-zaventem-evacuatie-en-moment-van-explosie/article-normal-681449.html
www.knack.be/nieuws/belgie,www.knack.be/nieuws/belgie/explosies-luchthaven-zaventem-13-doden-35-gewonden-mivb-bevestigt-aanslag-metrostation-maalbeek/live-normal-681403.html
weather.yahoo.com,weather.yahoo.com/belgium/vlaams-brabant/leuven-973505
weather.yahoo.com,weather.yahoo.com/belgium/vlaams-brabant/vilvoorde-12602810
weather.yahoo.com/belgium,weather.yahoo.com/belgium/vlaams-brabant/leuven-973505
weather.yahoo.com/belgium,weather.yahoo.com/belgium/vlaams-brabant/vilvoorde-12602810
weather.yahoo.com/belgium/vlaams-brabant,weather.yahoo.com/belgium/vlaams-brabant/leuven-973505
weather.yahoo.com/belgium/vlaams-brabant,weather.yahoo.com/belgium/vlaams-brabant/vilvoorde-12602810
www.bloomberg.com,www.bloomberg.com/quote/CL1:COM
www.bloomberg.com/markets,www.bloomberg.com/markets/stocks/world-indexes/americas
www.bloomberg.com/markets/stocks/world-indexes,www.bloomberg.com/markets/stocks/world-indexes/americas
www.bloomberg.com/quote,www.bloomberg.com/quote/CL1:COM
www.bloomberg.com/markets/stocks,www.bloomberg.com/markets/stocks/world-indexes/americas
mijn.bibliotheek.be,mijn.bibliotheek.be/portal/rest/user/2d6430a8-51e6-4911-b121-e14c2dbc1f60/library/491993
mijn.bibliotheek.be/portal,mijn.bibliotheek.be/portal/rest/user/2d6430a8-51e6-4911-b121-e14c2dbc1f60/library/491993
mijn.bibliotheek.be/portal/rest/user/2d6430a8-51e6-4911-b121-e14c2dbc1f60/library,mijn.bibliotheek.be/portal/rest/user/2d6430a8-51e6-4911-b121-e14c2dbc1f60/library/491993
mijn.bibliotheek.be/portal/rest/user,mijn.bibliotheek.be/portal/rest/user/2d6430a8-51e6-4911-b121-e14c2dbc1f60/library/491993
mijn.bibliotheek.be/portal/rest/user/2d6430a8-51e6-4911-b121-e14c2dbc1f60,mijn.bibliotheek.be/portal/rest/user/2d6430a8-51e6-4911-b121-e14c2dbc1f60/library/491993
mijn.bibliotheek.be/portal/rest,mijn.bibliotheek.be/portal/rest/user/2d6430a8-51e6-4911-b121-e14c2dbc1f60/library/491993
www.alma.be,www.alma.be/nl/restaurant/alma-3
www.alma.be/nl/restaurant,www.alma.be/nl/restaurant/alma-3
www.alma.be/nl,www.alma.be/nl/restaurant/alma-3
www.quiz-kalender.be,www.quiz-kalender.be/provincie-antwerpen
joglog.azurewebsites.net,joglog.azurewebsites.net/Jogging/List
joglog.azurewebsites.net/Jogging,joglog.azurewebsites.net/Jogging/List
stratenlopen.be,stratenlopen.be/calendar.php
runkeeper.com,runkeeper.com/user/jeffhoremans/fitnessReports/cardio
runkeeper.com/user,runkeeper.com/user/jeffhoremans/fitnessReports/cardio
runkeeper.com/user/jeffhoremans,runkeeper.com/user/jeffhoremans/fitnessReports/cardio
runkeeper.com/user/jeffhoremans/fitnessReports,runkeeper.com/user/jeffhoremans/fitnessReports/cardio
www.ucll.be,www.ucll.be/studeren/student-aan-ucll/campussen/campus-hertogstraat/sporthal/sportaanbod-heverlee
www.ucll.be/studeren/student-aan-ucll,www.ucll.be/studeren/student-aan-ucll/campussen/campus-hertogstraat/sporthal/sportaanbod-heverlee
www.ucll.be/studeren/student-aan-ucll/campussen/campus-hertogstraat/sporthal/sportaanbod-heverlee,www.ucll.be/studeren/student-aan-ucll/campussen/campus-hertogstraat/sporthal/sportaanbod-heverlee/badminton
www.ucll.be/studeren/student-aan-ucll/campussen/campus-hertogstraat/sporthal,www.ucll.be/studeren/student-aan-ucll/campussen/campus-hertogstraat/sporthal/sportaanbod-heverlee/badminton
www.ucll.be/studeren/student-aan-ucll/diensten-voor-studenten/diensten-voor-studenten-leuven-0,www.ucll.be/studeren/student-aan-ucll/diensten-voor-studenten/diensten-voor-studenten-leuven-0/sport-leuven
www.ucll.be/studeren/student-aan-ucll/diensten-voor-studenten,www.ucll.be/studeren/student-aan-ucll/diensten-voor-studenten/diensten-voor-studenten-leuven-0/sport-leuven
www.ucll.be/studeren/student-aan-ucll/diensten-voor-studenten/diensten-voor-studenten-leuven,www.ucll.be/studeren/student-aan-ucll/diensten-voor-studenten/diensten-voor-studenten-leuven-0/sport-leuven
www.ucll.be/studeren,www.ucll.be/studeren/student-aan-ucll/campussen/campus-hertogstraat/sporthal/sportaanbod-heverlee
www.ucll.be/studeren/student-aan-ucll/campussen/campus-hertogstraat,www.ucll.be/studeren/student-aan-ucll/campussen/campus-hertogstraat/sporthal/sportaanbod-heverlee/badminton
www.ucll.be/studeren/student-aan-ucll/campussen,www.ucll.be/studeren/student-aan-ucll/campussen/campus-hertogstraat/sporthal/sportaanbod-heverlee/badminton
www.worldsnooker.com,www.worldsnooker.com/news
cuetracker.net,cuetracker.net/Statistics
cuetracker.net/Players,cuetracker.net/Players/Ronnie-OSullivan
cuetracker.net/Statistics,cuetracker.net/Statistics/Centuries/Most-Made/All-time
cuetracker.net/Statistics/Centuries/Most-Made,cuetracker.net/Statistics/Centuries/Most-Made/All-time
cuetracker.net/Statistics/Centuries,cuetracker.net/Statistics/Centuries/Most-Made/All-time
people.cs.kuleuven.be,people.cs.kuleuven.be/~bart.demoen/FCW
people.cs.kuleuven.be/~bart.demoen,people.cs.kuleuven.be/~bart.demoen/FCW
www.twitch.tv,www.twitch.tv/directory/all
www.twitch.tv/directory,www.twitch.tv/directory/all
cygnus.cc.kuleuven.be,cygnus.cc.kuleuven.be/webapps/discussionboard/do
cygnus.cc.kuleuven.be/webapps/discussionboard,cygnus.cc.kuleuven.be/webapps/discussionboard/do
cygnus.cc.kuleuven.be/webapps/blackboard/execute,cygnus.cc.kuleuven.be/webapps/blackboard/execute/course/tools
cygnus.cc.kuleuven.be/webapps/blackboard,cygnus.cc.kuleuven.be/webapps/blackboard/execute/course/tools
cygnus.cc.kuleuven.be/webapps/blackboard/execute/course,cygnus.cc.kuleuven.be/webapps/blackboard/execute/course/tools
cygnus.cc.kuleuven.be/webapps,cygnus.cc.kuleuven.be/webapps/discussionboard/do
www.gva.be,www.gva.be/cnt/dmf20160324_02200733/origi-valt-geblesseerd-af-voor-portugal
www.gva.be/cnt/dmf20160324_02200733,www.gva.be/cnt/dmf20160324_02200733/origi-valt-geblesseerd-af-voor-portugal
www.gva.be/cnt,www.gva.be/cnt/dmf20160324_02200733/origi-valt-geblesseerd-af-voor-portugal
www.gva.be/regio,www.gva.be/regio/regio-kempen
www.cosic.esat.kuleuven.be,www.cosic.esat.kuleuven.be/cns/01_introduction/introduction.html
www.cosic.esat.kuleuven.be/cns,www.cosic.esat.kuleuven.be/cns/01_introduction/introduction.html
www.cosic.esat.kuleuven.be/cns/01_introduction,www.cosic.esat.kuleuven.be/cns/01_introduction/introduction.html
waitbutwhy.com,waitbutwhy.com/2014/02/pick-life-partner.html
waitbutwhy.com/2014,waitbutwhy.com/2014/02/pick-life-partner.html
waitbutwhy.com/2014/02,waitbutwhy.com/2014/02/pick-life-partner.html
www.tijd.be,www.tijd.be/beurzen/euronext-brussel/bel20
www.tijd.be/beurzen,www.tijd.be/beurzen/euronext-brussel/bel20
www.tijd.be/beurzen/euronext-brussel,www.tijd.be/beurzen/euronext-brussel/bel20
wiki.associatie.kuleuven.be,wiki.associatie.kuleuven.be/aplai/index.php/ECLiPSe_Exercises
wiki.associatie.kuleuven.be/aplai/index.php,wiki.associatie.kuleuven.be/aplai/index.php/ECLiPSe_Exercises
wiki.associatie.kuleuven.be/aplai,wiki.associatie.kuleuven.be/aplai/index.php/ECLiPSe_Exercises
www.ibood.com,www.ibood.com/be/nl
www.ibood.com/be,www.ibood.com/be/nl
www.1dayfly.com,www.1dayfly.com/be/nl
www.1dayfly.com/be,www.1dayfly.com/be/nl
augment.cs.kuleuven.be,augment.cs.kuleuven.be/wiki/index.php/InfoVis-1516
augment.cs.kuleuven.be/wiki/index.php,augment.cs.kuleuven.be/wiki/index.php/InfoVis-1516
augment.cs.kuleuven.be/wiki,augment.cs.kuleuven.be/wiki/index.php/InfoVis-1516
www.dourfestival.eu,www.dourfestival.eu/nl/tickets-reservations/ticket/pass
www.dourfestival.eu/nl/program/lineup,www.dourfestival.eu/nl/program/lineup/overview
www.dourfestival.eu/nl,www.dourfestival.eu/nl/tickets-reservations/ticket/pass
www.dourfestival.eu/nl/tickets-reservations,www.dourfestival.eu/nl/tickets-reservations/ticket/pass/nocamping
www.dourfestival.eu/nl/program,www.dourfestival.eu/nl/program/lineup/overview
www.dourfestival.eu/nl/tickets-reservations/ticket/pass,www.dourfestival.eu/nl/tickets-reservations/ticket/pass/nocamping
www.dourfestival.eu/nl/tickets-reservations/ticket,www.dourfestival.eu/nl/tickets-reservations/ticket/pass/nocamping
www.dourfestival.eu/nl/tickets,www.dourfestival.eu/nl/tickets-reservations/ticket/pass/nocamping
www.pukkelpop.be,www.pukkelpop.be/nl/tickets
www.pukkelpop.be,www.pukkelpop.be/nl/nieuws
www.pukkelpop.be/nl/line-up,www.pukkelpop.be/nl/line-up/abc
www.pukkelpop.be/nl,www.pukkelpop.be/nl/tickets
www.pukkelpop.be/nl,www.pukkelpop.be/nl/nieuws
www.vi.nl,www.vi.nl/competities/wedstrijden
www.vi.nl/competities,www.vi.nl/competities/wedstrijden/pro-league-20152016-belgie.htm
www.vi.nl/teams,www.vi.nl/teams/wedstrijden/psv.htm
www.vi.nl/teams,www.vi.nl/teams/team/psv.htm
www.vi.nl/teams,www.vi.nl/teams/team/barcelona.htm
www.vi.nl/teams/team,www.vi.nl/teams/team/psv.htm
www.vi.nl/teams/team,www.vi.nl/teams/team/barcelona.htm
www.vi.nl/teams/wedstrijden,www.vi.nl/teams/wedstrijden/psv.htm
www.vi.nl/competities/stand,www.vi.nl/competities/stand/pro-league-20152016-belgie.htm
www.vi.nl/competities/wedstrijden,www.vi.nl/competities/wedstrijden/pro-league-20152016-belgie.htm
www.leuven.be,www.leuven.be/index.jsp
besiktasarena.com,besiktasarena.com/index.php
www.ligtv.com.tr,www.ligtv.com.tr/fotogaleri/besiktas-seneye-de-favori
www.ligtv.com.tr,www.ligtv.com.tr/fotogaleri/zirvede-kalan-maclar
www.ligtv.com.tr/fotogaleri,www.ligtv.com.tr/fotogaleri/besiktas-seneye-de-favori
www.ligtv.com.tr/fotogaleri,www.ligtv.com.tr/fotogaleri/zirvede-kalan-maclar
www.bestpsdfreebies.com,www.bestpsdfreebies.com/freebie/modern-infographics-vector-pack
www.bestpsdfreebies.com/freebie,www.bestpsdfreebies.com/freebie/modern-infographics-vector-pack
freepsdflyer.com,freepsdflyer.com/page/5
freepsdflyer.com,freepsdflyer.com/page/6
freepsdflyer.com/page,freepsdflyer.com/page/5
freepsdflyer.com/page,freepsdflyer.com/page/6
www.9lives.be,www.9lives.be/forum
www.cinemablend.com,www.cinemablend.com/games
www.cinemablend.com,www.cinemablend.com/reviews
www.cinemablend.com,www.cinemablend.com/superheroes
duckduckgo.com,duckduckgo.com/l
www.cnbc.com,www.cnbc.com/2016/03/22/lying-on-insurance-forms-can-come-back-to-haunt-you.html
www.cnbc.com/2016/03/22,www.cnbc.com/2016/03/22/lying-on-insurance-forms-can-come-back-to-haunt-you.html
www.cnbc.com/2016/03,www.cnbc.com/2016/03/22/lying-on-insurance-forms-can-come-back-to-haunt-you.html
www.cnbc.com/2016,www.cnbc.com/2016/03/22/lying-on-insurance-forms-can-come-back-to-haunt-you.html
eu.battle.net,eu.battle.net/wow/en/forum/872818
eu.battle.net/wow,eu.battle.net/wow/en/forum/872818
eu.battle.net/wow/en,eu.battle.net/wow/en/forum/872818
eu.battle.net/wow/en/forum,eu.battle.net/wow/en/forum/872818
www.benl.ebay.be,www.benl.ebay.be/sch/Computer-PDA-/160/i.html
www.benl.ebay.be/sch/Pcs-,www.benl.ebay.be/sch/Pcs-/3736/i.html
www.benl.ebay.be/sch/Computer-PDA-,www.benl.ebay.be/sch/Computer-PDA-/160/i.html
www.benl.ebay.be/sch,www.benl.ebay.be/sch/Computer-PDA-/160/i.html
www.benl.ebay.be/sch/PDA-Toebehoren-,www.benl.ebay.be/sch/PDA-Toebehoren-/111413/i.html
www.benl.ebay.be/sch/Computer-PDA-/160,www.benl.ebay.be/sch/Computer-PDA-/160/i.html
www.benl.ebay.be/sch/Pcs-/3736,www.benl.ebay.be/sch/Pcs-/3736/i.html
www.benl.ebay.be/sch/PDA-Toebehoren-/111413,www.benl.ebay.be/sch/PDA-Toebehoren-/111413/i.html
gathering.tweakers.net,gathering.tweakers.net/forum/list_messages/1160786/last
gathering.tweakers.net/forum,gathering.tweakers.net/forum/list_messages/1160786/last
gathering.tweakers.net/forum/list_topics,gathering.tweakers.net/forum/list_topics/22
gathering.tweakers.net/forum/list_messages,gathering.tweakers.net/forum/list_messages/1160786/last
gathering.tweakers.net/forum/list_messages/1160786,gathering.tweakers.net/forum/list_messages/1160786/last
wiki.wina.be,wiki.wina.be/examens/index.php/Machine_Learning_and_Inductive_Inference
wiki.wina.be,wiki.wina.be/examens/index.php/Categorie:3bi
wiki.wina.be/examens/index.php,wiki.wina.be/examens/index.php/Machine_Learning_and_Inductive_Inference
wiki.wina.be/examens/index.php,wiki.wina.be/examens/index.php/Categorie:3bi
wiki.wina.be/examens,wiki.wina.be/examens/index.php/Machine_Learning_and_Inductive_Inference
wiki.wina.be/examens,wiki.wina.be/examens/index.php/Categorie:3bi
pythoncentral.io,pythoncentral.io/add-python-to-path-python-is-not-recognized-as-an-internal-or-external-command
www.python.org,www.python.org/download/releases/1.6.1
www.python.org/download,www.python.org/download/releases/1.6.1
www.python.org/download/releases,www.python.org/download/releases/1.6.1
www.vbal4.be,www.vbal4.be/p010344.htm
www.kblvb.be,www.kblvb.be/Competitie/Wedstrijdplanning
www.kblvb.be/Competitie,www.kblvb.be/Competitie/Wedstrijdplanning
bib.kuleuven.be,bib.kuleuven.be/universiteitsarchief/collecties/musea
bib.kuleuven.be/universiteitsarchief/collecties,bib.kuleuven.be/universiteitsarchief/collecties/musea
bib.kuleuven.be/universiteitsarchief,bib.kuleuven.be/universiteitsarchief/collecties/musea
bib.kuleuven.be/webcms,bib.kuleuven.be/webcms/Shibboleth.sso
flask.pocoo.org,flask.pocoo.org/docs/0.10
flask.pocoo.org/docs,flask.pocoo.org/docs/0.10
ca.wikipedia.org,ca.wikipedia.org/wiki/Ci%C3%A8ncia
ca.wikipedia.org/wiki,ca.wikipedia.org/wiki/Ci%C3%A8ncia
en.wikipedia.org,en.wikipedia.org/wiki/Communication
en.wikipedia.org/wiki,en.wikipedia.org/wiki/Communication
godville.net,godville.net/superhero
www.visitoostende.be,www.visitoostende.be/en/food-and-drink
www.visitoostende.be/en,www.visitoostende.be/en/food-and-drink
www.belgianrail.be,www.belgianrail.be/jp/sncb-nmbs-routeplanner/query.exe
www.belgianrail.be/jp/sncb-nmbs-routeplanner,www.belgianrail.be/jp/sncb-nmbs-routeplanner/query.exe
www.belgianrail.be/jp,www.belgianrail.be/jp/sncb-nmbs-routeplanner/query.exe
summerofcode.withgoogle.com,summerofcode.withgoogle.com/age-verification/student
summerofcode.withgoogle.com/age-verification,summerofcode.withgoogle.com/age-verification/student
docs.cltk.org,docs.cltk.org/en/latest/pali.html
docs.cltk.org/en/latest,docs.cltk.org/en/latest/pali.html
docs.cltk.org/en,docs.cltk.org/en/latest/pali.html
github.com,github.com/cltk/cltk/wiki/Project-ideas
github.com/cltk/cltk/issues,github.com/cltk/cltk/issues/108
github.com/cltk/cltk/wiki,github.com/cltk/cltk/wiki/Project-ideas
github.com/cltk/cltk,github.com/cltk/cltk/wiki/Project-ideas
github.com/cltk,github.com/cltk/cltk/wiki/Project-ideas
grch37.ensembl.org,grch37.ensembl.org/Homo_sapiens/Gene
grch37.ensembl.org/Homo_sapiens,grch37.ensembl.org/Homo_sapiens/Gene
www.technobuffalo.com,www.technobuffalo.com/2016/03/21/nexus-5x-vs-sony-xperia-z5-premium-vote-best-smartphone-mobile-madness-2016
www.technobuffalo.com/2016,www.technobuffalo.com/2016/03/21/nexus-5x-vs-sony-xperia-z5-premium-vote-best-smartphone-mobile-madness-2016
www.technobuffalo.com/2016/03/21,www.technobuffalo.com/2016/03/21/nexus-5x-vs-sony-xperia-z5-premium-vote-best-smartphone-mobile-madness-2016
www.technobuffalo.com/page,www.technobuffalo.com/page/2
www.technobuffalo.com/2016/03,www.technobuffalo.com/2016/03/21/nexus-5x-vs-sony-xperia-z5-premium-vote-best-smartphone-mobile-madness-2016
www.premierleague.com,www.premierleague.com/en-gb/matchday/league-table.html
www.premierleague.com/en-gb/matchday,www.premierleague.com/en-gb/matchday/league-table.html
www.premierleague.com/en-gb,www.premierleague.com/en-gb/matchday/league-table.html
www.quora.com,www.quora.com/Python-programming-language-1/What-is-the-difference-between-IPython-notebook-and-IDLE
www.quora.com/Python-programming-language-1,www.quora.com/Python-programming-language-1/What-is-the-difference-between-IPython-notebook-and-IDLE
dtai.cs.kuleuven.be,dtai.cs.kuleuven.be/education/masterthesis/guidelines
dtai.cs.kuleuven.be/education/masterthesis,dtai.cs.kuleuven.be/education/masterthesis/guidelines
dtai.cs.kuleuven.be/education,dtai.cs.kuleuven.be/education/masterthesis/guidelines
scoooreleague.be,scoooreleague.be/advanced_stats
www.example1.com,www.example1.com/A
www.example1.com/A,www.example1.com/A/B
www.example2.com,www.example2.com/A/B
www.example2.com/A,www.example2.com/A/B
www.example3.com,www.example3.com/A/J
www.example3.com/A,www.example3.com/A/J
www.example4.com,www.example4.com/A/C
www.example4.com,www.example4.com/A/B
www.example4.com,www.example4.com/B/B
www.example4.com/A,www.example4.com/A/C
www.example4.com/A,www.example4.com/A/B
www.example4.com/B,www.example4.com/B/B
