toledo.kuleuven.be,toledo.kuleuven.be/portal
p.cygnus.cc.kuleuven.be,p.cygnus.cc.kuleuven.be/webapps/blackboard/content
p.cygnus.cc.kuleuven.be/bbcswebdav,p.cygnus.cc.kuleuven.be/bbcswebdav/pid-17284443-dt-content-rid-72649804_2/courses/B-KUL-H02C6a-1516
p.cygnus.cc.kuleuven.be/bbcswebdav,p.cygnus.cc.kuleuven.be/bbcswebdav/pid-17264512-dt-content-rid-71463075_2/courses/B-KUL-H02C6a-1516
p.cygnus.cc.kuleuven.be/bbcswebdav,p.cygnus.cc.kuleuven.be/bbcswebdav/pid-17248235-dt-content-rid-70805699_2/courses/B-KUL-H02C6a-1516
p.cygnus.cc.kuleuven.be/webapps,p.cygnus.cc.kuleuven.be/webapps/blackboard/content
p.cygnus.cc.kuleuven.be/bbcswebdav/pid-17284443-dt-content-rid-72649804_2/courses,p.cygnus.cc.kuleuven.be/bbcswebdav/pid-17284443-dt-content-rid-72649804_2/courses/B-KUL-H02C6a-1516
p.cygnus.cc.kuleuven.be/bbcswebdav/pid-17248235-dt-content-rid-70805699_2/courses,p.cygnus.cc.kuleuven.be/bbcswebdav/pid-17248235-dt-content-rid-70805699_2/courses/B-KUL-H02C6a-1516
p.cygnus.cc.kuleuven.be/webapps/blackboard/execute/course,p.cygnus.cc.kuleuven.be/webapps/blackboard/execute/course/tools
p.cygnus.cc.kuleuven.be/bbcswebdav/pid-17248235-dt-content-rid-70805699_2,p.cygnus.cc.kuleuven.be/bbcswebdav/pid-17248235-dt-content-rid-70805699_2/courses/B-KUL-H02C6a-1516
p.cygnus.cc.kuleuven.be/bbcswebdav/pid-17284443-dt-content-rid-72649804_2,p.cygnus.cc.kuleuven.be/bbcswebdav/pid-17284443-dt-content-rid-72649804_2/courses/B-KUL-H02C6a-1516
p.cygnus.cc.kuleuven.be/webapps/blackboard,p.cygnus.cc.kuleuven.be/webapps/blackboard/content
p.cygnus.cc.kuleuven.be/bbcswebdav/pid-17264512-dt-content-rid-71463075_2/courses,p.cygnus.cc.kuleuven.be/bbcswebdav/pid-17264512-dt-content-rid-71463075_2/courses/B-KUL-H02C6a-1516
p.cygnus.cc.kuleuven.be/bbcswebdav/pid-17264512-dt-content-rid-71463075_2,p.cygnus.cc.kuleuven.be/bbcswebdav/pid-17264512-dt-content-rid-71463075_2/courses/B-KUL-H02C6a-1516
p.cygnus.cc.kuleuven.be/webapps/blackboard/execute,p.cygnus.cc.kuleuven.be/webapps/blackboard/execute/course/tools
www.cosic.esat.kuleuven.be,www.cosic.esat.kuleuven.be/cns/01_introduction/introduction.html
www.cosic.esat.kuleuven.be/cns,www.cosic.esat.kuleuven.be/cns/01_introduction/introduction.html
www.cosic.esat.kuleuven.be/cns/01_introduction,www.cosic.esat.kuleuven.be/cns/01_introduction/introduction.html
waitbutwhy.com,waitbutwhy.com/2014/02/pick-life-partner.html
waitbutwhy.com/2014,waitbutwhy.com/2014/02/pick-life-partner.html
waitbutwhy.com/2014/02,waitbutwhy.com/2014/02/pick-life-partner.html
