flask.pocoo.org/docs,flask.pocoo.org/docs/0.10
www.hln.be/hln/nl/923/Sport,www.hln.be/hln/nl/923/Sport/index.dhtml
www.hln.be/hln/nl/2656/Global-Warming/article/detail/2654038/2016/03,www.hln.be/hln/nl/2656/Global-Warming/article/detail/2654038/2016/03/22/Groot-watertekort-in-2030.dhtml
mijn.bibliotheek.be/portal/rest/user/2d6430a8-51e6-4911-b121-e14c2dbc1f60,mijn.bibliotheek.be/portal/rest/user/2d6430a8-51e6-4911-b121-e14c2dbc1f60/library/491993
www.cosic.esat.kuleuven.be/cns/01_introduction,www.cosic.esat.kuleuven.be/cns/01_introduction/introduction.html
www.reddit.com/r/photoshopbattles/comments,www.reddit.com/r/photoshopbattles/comments/488v5v/psbattle_dicaprio_gets_an_oscar_for_best_actor
www.python.org/download/releases,www.python.org/download/releases/1.6.1
www.vier.be/demol/videos,www.vier.be/demol/videos/aflevering-van-1-februari/1632191
www.kuleuven.be/wieiswie/en,www.kuleuven.be/wieiswie/en/person/00015195
mijn.bibliotheek.be/portal/rest/user/2d6430a8-51e6-4911-b121-e14c2dbc1f60/library,mijn.bibliotheek.be/portal/rest/user/2d6430a8-51e6-4911-b121-e14c2dbc1f60/library/491993
www.standaard.be/cnt,www.standaard.be/cnt/dmf20160326_02205478
doorbraak.be/nl,doorbraak.be/nl/nieuws
www.meteo.be/meteo/view,www.meteo.be/meteo/view/nl/65239-Home.html
www.technobuffalo.com/2016/03,www.technobuffalo.com/2016/03/21/nexus-5x-vs-sony-xperia-z5-premium-vote-best-smartphone-mobile-madness-2016
www.youtube.com/user,www.youtube.com/user/rhettandlink2
www.google.be/intl/en,www.google.be/intl/en/about
webwsp.aps.kuleuven.be/sap(bD1ubCZjPTIwMA==),webwsp.aps.kuleuven.be/sap(bD1ubCZjPTIwMA==)/public/bsp/sap/z_mijnuurrstrs
sporza.be/cm/sporza/videozone/v_FIFAWK_voetbal,sporza.be/cm/sporza/videozone/v_FIFAWK_voetbal/RodeDuivels/1.2612175
www.apple.com,www.apple.com/iphone
p.cygnus.cc.kuleuven.be/bbcswebdav/pid-15281699-dt-content-rid-69211904_2,p.cygnus.cc.kuleuven.be/bbcswebdav/pid-15281699-dt-content-rid-69211904_2/courses/B-KUL-H02A8a-1516
www.ucll.be/studeren/student-aan-ucll,www.ucll.be/studeren/student-aan-ucll/campussen/campus-hertogstraat/sporthal/sportaanbod-heverlee
www.knack.be/nieuws/belgie/man-opgepakt-bij-antiterreuractie-schaarbeek-jambon-een-persoon-uit-politieapparaat-heeft-geblunderd,www.knack.be/nieuws/belgie/man-opgepakt-bij-antiterreuractie-schaarbeek-jambon-een-persoon-uit-politieapparaat-heeft-geblunderd/live-normal-681403.html
eng.kuleuven.be/studenten/masterproef,eng.kuleuven.be/studenten/masterproef/masterproef/index.html
www.hln.be/hln/nl/9090,www.hln.be/hln/nl/9090/Voetbal/index.dhtml
www.kuleuven.be/campus/leuven,www.kuleuven.be/campus/leuven/index.html
en.wikipedia.org/wiki,en.wikipedia.org/wiki/Communication
www.bol.com/nl,www.bol.com/nl/m/nederlandse-boeken/thrillers-fantasy/N/255+8293/index.html
wiki.wina.be/examens,wiki.wina.be/examens/index.php/Machine_Learning_and_Inductive_Inference
uk.businessinsider.com/category,uk.businessinsider.com/category/10-most-important-things-in-the-world
cygnus.cc.kuleuven.be,cygnus.cc.kuleuven.be/webapps/discussionboard/do
www.overleaf.com/latex,www.overleaf.com/latex/templates
www.alma.be,www.alma.be/nl/restaurant/alma-3
www.hln.be/hln/nl/2656/Global-Warming/article/detail,www.hln.be/hln/nl/2656/Global-Warming/article/detail/2654038/2016/03/22/Groot-watertekort-in-2030.dhtml
www.1dayfly.com/be,www.1dayfly.com/be/nl
sporza.be/cm/sporza/videozone/v_FIFAWK_voetbal/RodeDuivels,sporza.be/cm/sporza/videozone/v_FIFAWK_voetbal/RodeDuivels/1.2612175
www.bloomberg.com,www.bloomberg.com/quote/CL1:COM
www.kuleuven.be/studentenvoorzieningen/jobdienst,www.kuleuven.be/studentenvoorzieningen/jobdienst/jobstudent
www.reddit.com/r/Advance_Wars/comments,www.reddit.com/r/Advance_Wars/comments/48myft/advance_wars_dual_strike_hard_campaign_max
wiki.associatie.kuleuven.be/aplai/index.php,wiki.associatie.kuleuven.be/aplai/index.php/ECLiPSe_Exercises
www.kuleuven.be/onderwijs/traject,www.kuleuven.be/onderwijs/traject/vrijstelling/index
wiki.wina.be/examens,wiki.wina.be/examens/index.php/Categorie:3bi
www.hln.be/hln/nl/2656/Global-Warming,www.hln.be/hln/nl/2656/Global-Warming/article/detail/2654038/2016/03/22/Groot-watertekort-in-2030.dhtml
www.nieuwsblad.be,www.nieuwsblad.be/regio/startgemeente
www.google.be/intl,www.google.be/intl/en/about
www.bestpsdfreebies.com/freebie,www.bestpsdfreebies.com/freebie/modern-infographics-vector-pack
www.vier.be/demol/videos/aflevering-van-15-februari,www.vier.be/demol/videos/aflevering-van-15-februari/1684566
p.cygnus.cc.kuleuven.be/bbcswebdav/pid-17284443-dt-content-rid-72649804_2,p.cygnus.cc.kuleuven.be/bbcswebdav/pid-17284443-dt-content-rid-72649804_2/courses/B-KUL-H02C6a-1516
augment.cs.kuleuven.be/wiki,augment.cs.kuleuven.be/wiki/index.php/InfoVis-1516
www.bloomberg.com/markets/stocks,www.bloomberg.com/markets/stocks/world-indexes/americas
www.reddit.com/r,www.reddit.com/r/all
mijn.bibliotheek.be/portal/rest,mijn.bibliotheek.be/portal/rest/user/2d6430a8-51e6-4911-b121-e14c2dbc1f60/library/491993
doorbraak.be/nl/nieuws,doorbraak.be/nl/nieuws/europa-opnieuw-oorlog
www.knack.be/nieuws/belgie,www.knack.be/nieuws/belgie/video-s-explosies-zaventem-evacuatie-en-moment-van-explosie/article-normal-681449.html
uk.businessinsider.com,uk.businessinsider.com/tech
www.radio1.be/programmas/playlists,www.radio1.be/programmas/playlists/overzicht
joglog.azurewebsites.net/Jogging,joglog.azurewebsites.net/Jogging/List
www.kuleuven.be,www.kuleuven.be/onderwijs/student
www.kuleuven.be/studenten,www.kuleuven.be/studentenvoorzieningen/jobdienst/jobstudent
www.overleaf.com,www.overleaf.com/latex/templates
sporza.be/cm/sporza/matchcenter/mc_voetbal/Engeland_1516,sporza.be/cm/sporza/matchcenter/mc_voetbal/Engeland_1516/MG_speeldag_31/1.2604421
www.premierleague.com/en-gb,www.premierleague.com/en-gb/matchday/league-table.html
cuetracker.net/Statistics/Centuries/Most-Made,cuetracker.net/Statistics/Centuries/Most-Made/All-time
sporza.be/cm/sporza/matchcenter/mc_wielrennen,sporza.be/cm/sporza/matchcenter/mc_wielrennen/Comp_voorjaar_2016/1.2581341
www.kuleuven.be/sport/sportaanbod/individuele-sporten,www.kuleuven.be/sport/sportaanbod/individuele-sporten/badminton
deredactie.be/cm/vrtnieuws/videozone/nieuws,deredactie.be/cm/vrtnieuws/videozone/nieuws/politiek/1.2612587
ca.wikipedia.org,ca.wikipedia.org/wiki/Ci%C3%A8ncia
www.knack.be/nieuws/belgie/explosies-luchthaven-zaventem-13-doden-35-gewonden-mivb-bevestigt-aanslag-metrostation-maalbeek,www.knack.be/nieuws/belgie/explosies-luchthaven-zaventem-13-doden-35-gewonden-mivb-bevestigt-aanslag-metrostation-maalbeek/live-normal-681403.html
wiki.associatie.kuleuven.be,wiki.associatie.kuleuven.be/aplai/index.php/ECLiPSe_Exercises
www.hln.be/hln/nl/957/Binnenland,www.hln.be/hln/nl/957/Binnenland/article/detail/2657907/2016/03/25/Video-toont-hoe-politie-kind-weghaalt-bij-neergeschoten-verdachte-in-Schaarbeek.dhtml
www.kuleuven.be/sport/sportaanbod,www.kuleuven.be/sport/sportaanbod/individuele-sporten/badminton
onderwijsaanbod.kuleuven.be/opleidingen/n,onderwijsaanbod.kuleuven.be/opleidingen/n/SC_51230411.htm
www.vi.nl/competities/stand,www.vi.nl/competities/stand/pro-league-20152016-belgie.htm
www.dourfestival.eu/nl/program/lineup,www.dourfestival.eu/nl/program/lineup/overview
www.apple.com/shop,www.apple.com/shop/buy-mac/macbook
p.cygnus.cc.kuleuven.be/webapps/blackboard/execute,p.cygnus.cc.kuleuven.be/webapps/blackboard/execute/course/tools
www.benl.ebay.be/sch/Computer-PDA-/160,www.benl.ebay.be/sch/Computer-PDA-/160/i.html
www.hln.be,www.hln.be/hln/nl
www.reddit.com/r/photoshopbattles/comments/488v5v,www.reddit.com/r/photoshopbattles/comments/488v5v/psbattle_dicaprio_gets_an_oscar_for_best_actor
www.visitoostende.be/en,www.visitoostende.be/en/food-and-drink
www.youtube.com/yt,www.youtube.com/yt/dev/api-resources.html
mijn.bibliotheek.be/portal/rest/user,mijn.bibliotheek.be/portal/rest/user/2d6430a8-51e6-4911-b121-e14c2dbc1f60/library/491993
weather.com/weather/today/l,weather.com/weather/today/l/MXPA0070:1:MX
ca.wikipedia.org/wiki,ca.wikipedia.org/wiki/Ci%C3%A8ncia
www.tijd.be/beurzen/euronext-brussel,www.tijd.be/beurzen/euronext-brussel/bel20
www.kuleuven.be/onderwijs/studievoortgang/studievoortgang,www.kuleuven.be/onderwijs/studievoortgang/studievoortgang/toleranties
stratenlopen.be,stratenlopen.be/calendar.php
www.twitch.tv,www.twitch.tv/directory/all
www.kuleuven.be/onderwijs/traject/vrijstelling,www.kuleuven.be/onderwijs/traject/vrijstelling/index
weather.com/weather/today,weather.com/weather/today/l/MXPA0070:1:MX
bib.kuleuven.be/webcms,bib.kuleuven.be/webcms/Shibboleth.sso
www.youtube.com,www.youtube.com/yt/dev/api-resources.html
sporza.be/cm/sporza/matchcenter/mc_voetbal/Engeland_1516,sporza.be/cm/sporza/matchcenter/mc_voetbal/Engeland_1516/MG_speeldag_30/1.2596816
www.quora.com,www.quora.com/Python-programming-language-1/What-is-the-difference-between-IPython-notebook-and-IDLE
www.bol.com/nl/boeken/nederlandse-boeken,www.bol.com/nl/boeken/nederlandse-boeken/index.html
www.standaard.be/nieuws,www.standaard.be/nieuws/sport
sporza.be/cm/sporza/videozone/v_FIFAWK_voetbal/RodeDuivels,sporza.be/cm/sporza/videozone/v_FIFAWK_voetbal/RodeDuivels/1.2612524
www.hln.be/hln/nl/961,www.hln.be/hln/nl/961/Wetenschap/2324/Global-Warming/actua/index.dhtml
cygnus.cc.kuleuven.be/webapps/blackboard,cygnus.cc.kuleuven.be/webapps/blackboard/execute/course/tools
www.ibood.com/be,www.ibood.com/be/nl
gathering.tweakers.net/forum,gathering.tweakers.net/forum/list_messages/1160786/last
www.knack.be/nieuws/belgie,www.knack.be/nieuws/belgie/man-opgepakt-bij-antiterreuractie-schaarbeek-jambon-een-persoon-uit-politieapparaat-heeft-geblunderd/live-normal-681403.html
www.cinemablend.com,www.cinemablend.com/superheroes
www.dourfestival.eu/nl/tickets,www.dourfestival.eu/nl/tickets-reservations/ticket/pass/nocamping
tweakers.net/categorie/215/smartphones,tweakers.net/categorie/215/smartphones/producten
deredactie.be/cm,deredactie.be/cm/vrtnieuws/videozone
weather.yahoo.com/belgium,weather.yahoo.com/belgium/vlaams-brabant/vilvoorde-12602810
p.cygnus.cc.kuleuven.be/bbcswebdav/pid-17248235-dt-content-rid-70805699_2/courses,p.cygnus.cc.kuleuven.be/bbcswebdav/pid-17248235-dt-content-rid-70805699_2/courses/B-KUL-H02C6a-1516
www.bol.com,www.bol.com/nl/m/nederlandse-boeken/thrillers-fantasy/N/255+8293/index.html
www.ucll.be/studeren/student-aan-ucll/diensten-voor-studenten/diensten-voor-studenten-leuven,www.ucll.be/studeren/student-aan-ucll/diensten-voor-studenten/diensten-voor-studenten-leuven-0/sport-leuven
www.nieuwsblad.be/sportwereld,www.nieuwsblad.be/sportwereld/voetbal
sporza.be/cm/sporza/voetbal/buitenland,sporza.be/cm/sporza/voetbal/buitenland/Engeland
www.reddit.com/r/worldnews,www.reddit.com/r/worldnews/top
weather.yahoo.com,weather.yahoo.com/belgium/vlaams-brabant/leuven-973505
www.vi.nl/teams/wedstrijden,www.vi.nl/teams/wedstrijden/psv.htm
sporza.be/cm/sporza/voetbal,sporza.be/cm/sporza/voetbal/buitenland/Engeland
sporza.be/cm/sporza/videozone,sporza.be/cm/sporza/videozone/v_FIFAWK_voetbal/RodeDuivels/1.2612175
mijn.bibliotheek.be/portal,mijn.bibliotheek.be/portal/rest/user/2d6430a8-51e6-4911-b121-e14c2dbc1f60/library/491993
www.ligtv.com.tr,www.ligtv.com.tr/fotogaleri/zirvede-kalan-maclar
www.dourfestival.eu/nl/program,www.dourfestival.eu/nl/program/lineup/overview
www.bestpsdfreebies.com,www.bestpsdfreebies.com/freebie/modern-infographics-vector-pack
onderwijsaanbod.kuleuven.be/opleidingen/e,onderwijsaanbod.kuleuven.be/opleidingen/e/SC_51016880.htm
sporza.be/cm/sporza/tennis,sporza.be/cm/sporza/tennis/ranglijsten
www.hln.be/hln/nl/961/Wetenschap,www.hln.be/hln/nl/961/Wetenschap/2324/Global-Warming/actua/index.dhtml
www.cnbc.com,www.cnbc.com/2016/03/22/lying-on-insurance-forms-can-come-back-to-haunt-you.html
doorbraak.be/nl/nieuws,doorbraak.be/nl/nieuws/de-vijand-die-niet-genoemd-mag-worden
p.cygnus.cc.kuleuven.be/bbcswebdav/pid-17284443-dt-content-rid-72649804_2/courses,p.cygnus.cc.kuleuven.be/bbcswebdav/pid-17284443-dt-content-rid-72649804_2/courses/B-KUL-H02C6a-1516
runkeeper.com/user/jeffhoremans,runkeeper.com/user/jeffhoremans/fitnessReports/cardio
weather.yahoo.com/belgium,weather.yahoo.com/belgium/vlaams-brabant/leuven-973505
weather.yahoo.com/belgium/vlaams-brabant,weather.yahoo.com/belgium/vlaams-brabant/vilvoorde-12602810
9gag.com,9gag.com/trending
sporza.be,sporza.be/cm/sporza/voetbal
gathering.tweakers.net/forum/list_messages/1160786,gathering.tweakers.net/forum/list_messages/1160786/last
gathering.tweakers.net,gathering.tweakers.net/forum/list_messages/1160786/last
eng.kuleuven.be/studenten/programmas/programma,eng.kuleuven.be/studenten/programmas/programma/index.html
www.meteovista.be,www.meteovista.be/Europa/Belgie/Leuven/4054147
www.meteo.be/meteo,www.meteo.be/meteo/view/nl/123507-Zee-+en+kustweerbericht.html
eng.kuleuven.be/studenten/examens-evaluatie-diploma-1,eng.kuleuven.be/studenten/examens-evaluatie-diploma-1/diploma
deredactie.be,deredactie.be/cm/vrtnieuws/videozone
www.kuleuven.be/wieiswie,www.kuleuven.be/wieiswie/en/person/00015195
www.hln.be/hln/nl/949/Belgisch-Voetbal,www.hln.be/hln/nl/949/Belgisch-Voetbal/index.dhtml
www.ibood.com,www.ibood.com/be/nl
tweakers.net/categorie/215,tweakers.net/categorie/215/smartphones/producten
steamcommunity.com/market,steamcommunity.com/market/listings/730/AWP%20%7C%20Man-o%27-war%20%28Minimal%20Wear%29
www.apple.com/shop/buy-mac,www.apple.com/shop/buy-mac/macbook
people.cs.kuleuven.be/~bart.demoen,people.cs.kuleuven.be/~bart.demoen/FCW
github.com/cltk/cltk,github.com/cltk/cltk/wiki/Project-ideas
www.ucll.be/studeren/student-aan-ucll/campussen,www.ucll.be/studeren/student-aan-ucll/campussen/campus-hertogstraat/sporthal/sportaanbod-heverlee/badminton
www.hln.be/hln/nl/957,www.hln.be/hln/nl/957/Binnenland/article/detail/2657907/2016/03/25/Video-toont-hoe-politie-kind-weghaalt-bij-neergeschoten-verdachte-in-Schaarbeek.dhtml
www.nieuwsblad.be/sportwereld,www.nieuwsblad.be/sportwereld/wielrennen
www.pukkelpop.be/nl/line-up,www.pukkelpop.be/nl/line-up/abc
www.kapaza.be/nl,www.kapaza.be/nl/bmw
www.nationale-loterij.be/nl/onze-spelen,www.nationale-loterij.be/nl/onze-spelen/euro-millions/resultaten
dtai.cs.kuleuven.be,dtai.cs.kuleuven.be/education/masterthesis/guidelines
p.cygnus.cc.kuleuven.be/bbcswebdav,p.cygnus.cc.kuleuven.be/bbcswebdav/pid-17264512-dt-content-rid-71463075_2/courses/B-KUL-H02C6a-1516
www.pukkelpop.be,www.pukkelpop.be/nl/nieuws
runkeeper.com,runkeeper.com/user/jeffhoremans/fitnessReports/cardio
cuetracker.net,cuetracker.net/Statistics
steamcommunity.com,steamcommunity.com/market/listings/730/AWP%20%7C%20Man-o%27-war%20%28Minimal%20Wear%29
www.benl.ebay.be,www.benl.ebay.be/sch/Computer-PDA-/160/i.html
besiktasarena.com,besiktasarena.com/index.php
freepsdflyer.com,freepsdflyer.com/page/6
www.nationale-loterij.be/nl/onze-spelen/euro-millions,www.nationale-loterij.be/nl/onze-spelen/euro-millions/resultaten
www.quiz-kalender.be,www.quiz-kalender.be/provincie-antwerpen
deredactie.be/cm/vrtnieuws/videozone/nieuws/politiek,deredactie.be/cm/vrtnieuws/videozone/nieuws/politiek/1.2612587
www.vi.nl/teams/team,www.vi.nl/teams/team/psv.htm
www.hln.be/hln/nl/957/Binnenland/article,www.hln.be/hln/nl/957/Binnenland/article/detail/2657907/2016/03/25/Video-toont-hoe-politie-kind-weghaalt-bij-neergeschoten-verdachte-in-Schaarbeek.dhtml
www.youtube.com/yt/dev,www.youtube.com/yt/dev/api-resources.html
www.cinemablend.com,www.cinemablend.com/games
www.standaard.be/plus,www.standaard.be/plus/ochtend
www.cedarpoint.com/online-fun,www.cedarpoint.com/online-fun/live-video-cam
p.cygnus.cc.kuleuven.be/bbcswebdav/pid-17248235-dt-content-rid-70805699_2,p.cygnus.cc.kuleuven.be/bbcswebdav/pid-17248235-dt-content-rid-70805699_2/courses/B-KUL-H02C6a-1516
sporza.be/cm/sporza,sporza.be/cm/sporza/voetbal/Jupiler_Pro_League
www.tijd.be,www.tijd.be/beurzen/euronext-brussel/bel20
www.kuleuven.be/wieiswie/en/person,www.kuleuven.be/wieiswie/en/person/00015195
www.benl.ebay.be/sch/Computer-PDA-,www.benl.ebay.be/sch/Computer-PDA-/160/i.html
www.vier.be/demol/videos/aflevering-van-22-februari,www.vier.be/demol/videos/aflevering-van-22-februari/1704426
wiki.wina.be/examens/index.php,wiki.wina.be/examens/index.php/Machine_Learning_and_Inductive_Inference
www.nationale-loterij.be,www.nationale-loterij.be/nl/onze-spelen/euro-millions/resultaten
p.cygnus.cc.kuleuven.be/bbcswebdav,p.cygnus.cc.kuleuven.be/bbcswebdav/pid-17284443-dt-content-rid-72649804_2/courses/B-KUL-H02C6a-1516
sporza.be/cm/sporza/matchcenter/mc_voetbal/Engeland_1516/MG_speeldag_31,sporza.be/cm/sporza/matchcenter/mc_voetbal/Engeland_1516/MG_speeldag_31/1.2604421
www.kapaza.be/nl,www.kapaza.be/nl/auto
www.meteovista.be/Europa/Belgie/Leuven,www.meteovista.be/Europa/Belgie/Leuven/4054147
www.hln.be/hln/nl/2656/Global-Warming/article/detail/2654038/2016/03/22,www.hln.be/hln/nl/2656/Global-Warming/article/detail/2654038/2016/03/22/Groot-watertekort-in-2030.dhtml
weather.com/weather,weather.com/weather/today/l/MXPA0070:1:MX
sporza.be/cm/sporza/matchcenter,sporza.be/cm/sporza/matchcenter/mc_voetbal/Engeland_1516
p.cygnus.cc.kuleuven.be/bbcswebdav,p.cygnus.cc.kuleuven.be/bbcswebdav/pid-17248235-dt-content-rid-70805699_2/courses/B-KUL-H02C6a-1516
www.meteo.be/meteo,www.meteo.be/meteo/view/nl/65239-Home.html
www.cnbc.com/2016,www.cnbc.com/2016/03/22/lying-on-insurance-forms-can-come-back-to-haunt-you.html
p.cygnus.cc.kuleuven.be/bbcswebdav/pid-15281699-dt-content-rid-69211904_2/courses,p.cygnus.cc.kuleuven.be/bbcswebdav/pid-15281699-dt-content-rid-69211904_2/courses/B-KUL-H02A8a-1516
eu.battle.net/wow/en/forum,eu.battle.net/wow/en/forum/872818
sporza.be/cm/sporza/videozone/v_FIFAWK_voetbal,sporza.be/cm/sporza/videozone/v_FIFAWK_voetbal/RodeDuivels/1.2612524
onderwijsaanbod.kuleuven.be/syllabi/e,onderwijsaanbod.kuleuven.be/syllabi/e/H0T25AE.htm
steamcommunity.com/market/listings/730,steamcommunity.com/market/listings/730/AWP%20%7C%20Man-o%27-war%20%28Minimal%20Wear%29
www.hbvl.be,www.hbvl.be/tot-uw-dienst/info-en-contact
github.com/cltk,github.com/cltk/cltk/wiki/Project-ideas
www.python.org/download,www.python.org/download/releases/1.6.1
www.technobuffalo.com,www.technobuffalo.com/2016/03/21/nexus-5x-vs-sony-xperia-z5-premium-vote-best-smartphone-mobile-madness-2016
freepsdflyer.com/page,freepsdflyer.com/page/6
tweakers.net,tweakers.net/categorie/496/laptops/producten
www.ucll.be,www.ucll.be/studeren/student-aan-ucll/campussen/campus-hertogstraat/sporthal/sportaanbod-heverlee
www.gva.be,www.gva.be/cnt/dmf20160324_02200733/origi-valt-geblesseerd-af-voor-portugal
eng.kuleuven.be/studenten,eng.kuleuven.be/studenten/masterproef/masterproef/index.html
www.benl.ebay.be/sch/PDA-Toebehoren-/111413,www.benl.ebay.be/sch/PDA-Toebehoren-/111413/i.html
www.meteo.be/meteo/view,www.meteo.be/meteo/view/nl/123507-Zee-+en+kustweerbericht.html
www.python.org,www.python.org/download/releases/1.6.1
eu.battle.net,eu.battle.net/wow/en/forum/872818
doorbraak.be/nl/nieuws,doorbraak.be/nl/nieuws/voortschrijdend-inzicht-bij-jo%C3%ABl-de-ceulaer
www.hbvl.be/tot-uw-dienst,www.hbvl.be/tot-uw-dienst/info-en-contact
www.quora.com/Python-programming-language-1,www.quora.com/Python-programming-language-1/What-is-the-difference-between-IPython-notebook-and-IDLE
www.reddit.com/r/news,www.reddit.com/r/news/top
eng.kuleuven.be/studenten/programmas,eng.kuleuven.be/studenten/programmas/programma/index.html
p.cygnus.cc.kuleuven.be/bbcswebdav/pid-17264512-dt-content-rid-71463075_2,p.cygnus.cc.kuleuven.be/bbcswebdav/pid-17264512-dt-content-rid-71463075_2/courses/B-KUL-H02C6a-1516
www.hln.be/hln/nl/957/Binnenland/article/detail/2657907/2016/03/25,www.hln.be/hln/nl/957/Binnenland/article/detail/2657907/2016/03/25/Video-toont-hoe-politie-kind-weghaalt-bij-neergeschoten-verdachte-in-Schaarbeek.dhtml
www.reddit.com/r/RoomPorn/comments,www.reddit.com/r/RoomPorn/comments/48rw0h/comfy_movie_theater_634_x_423
www.gva.be/regio,www.gva.be/regio/regio-kempen
www.ucll.be/studeren/student-aan-ucll/campussen/campus-hertogstraat/sporthal/sportaanbod-heverlee,www.ucll.be/studeren/student-aan-ucll/campussen/campus-hertogstraat/sporthal/sportaanbod-heverlee/badminton
grch37.ensembl.org/Homo_sapiens,grch37.ensembl.org/Homo_sapiens/Gene
waitbutwhy.com,waitbutwhy.com/2014/02/pick-life-partner.html
weather.yahoo.com/belgium/vlaams-brabant,weather.yahoo.com/belgium/vlaams-brabant/leuven-973505
www.vier.be/demol/videos/aflevering-van-1-februari,www.vier.be/demol/videos/aflevering-van-1-februari/1632191
eng.kuleuven.be/studenten/masterproef/masterproef,eng.kuleuven.be/studenten/masterproef/masterproef/index.html
weather.com,weather.com/weather/today/l/LUXX0003:1:LU
www.vier.be/demol,www.vier.be/demol/programmas/de-mol
summerofcode.withgoogle.com/age-verification,summerofcode.withgoogle.com/age-verification/student
cuetracker.net/Statistics/Centuries,cuetracker.net/Statistics/Centuries/Most-Made/All-time
deredactie.be/cm/vrtnieuws/videozone/programmas,deredactie.be/cm/vrtnieuws/videozone/programmas/journaal
waitbutwhy.com/2014,waitbutwhy.com/2014/02/pick-life-partner.html
www.9lives.be,www.9lives.be/forum
www.hln.be/hln/nl/2656/Global-Warming/article/detail/2654038/2016,www.hln.be/hln/nl/2656/Global-Warming/article/detail/2654038/2016/03/22/Groot-watertekort-in-2030.dhtml
www.cnbc.com/2016/03/22,www.cnbc.com/2016/03/22/lying-on-insurance-forms-can-come-back-to-haunt-you.html
www.dourfestival.eu/nl,www.dourfestival.eu/nl/tickets-reservations/ticket/pass
tweakers.net/categorie/496,tweakers.net/categorie/496/laptops/producten
onderwijsaanbod.kuleuven.be/opleidingen,onderwijsaanbod.kuleuven.be/opleidingen/n/SC_51230411.htm
www.meteovista.be/Europa,www.meteovista.be/Europa/Belgie/Leuven/4054147
p.cygnus.cc.kuleuven.be/webapps/blackboard/execute/course,p.cygnus.cc.kuleuven.be/webapps/blackboard/execute/course/tools
sporza.be/cm,sporza.be/cm/sporza/voetbal
onderwijsaanbod.kuleuven.be,onderwijsaanbod.kuleuven.be/opleidingen/n/SC_51230411.htm
www.reddit.com,www.reddit.com/r/all
sporza.be/cm/sporza/matchcenter/mc_wielrennen,sporza.be/cm/sporza/matchcenter/mc_wielrennen/Comp_voorjaar_2016/1.2587904
flask.pocoo.org,flask.pocoo.org/docs/0.10
www.ligtv.com.tr/fotogaleri,www.ligtv.com.tr/fotogaleri/zirvede-kalan-maclar
cygnus.cc.kuleuven.be/webapps/blackboard/execute,cygnus.cc.kuleuven.be/webapps/blackboard/execute/course/tools
www.cosic.esat.kuleuven.be/cns,www.cosic.esat.kuleuven.be/cns/01_introduction/introduction.html
www.bol.com/nl/boeken,www.bol.com/nl/boeken/nederlandse-boeken/index.html
www.vier.be/theskyisthelimit/programmas,www.vier.be/theskyisthelimit/programmas/sky-limit
www.alma.be/nl/restaurant,www.alma.be/nl/restaurant/alma-3
dtai.cs.kuleuven.be/education,dtai.cs.kuleuven.be/education/masterthesis/guidelines
weather.yahoo.com,weather.yahoo.com/belgium/vlaams-brabant/vilvoorde-12602810
www.ucll.be/studeren/student-aan-ucll/campussen/campus-hertogstraat/sporthal,www.ucll.be/studeren/student-aan-ucll/campussen/campus-hertogstraat/sporthal/sportaanbod-heverlee/badminton
www.kuleuven.be/studentenvoorzieningen,www.kuleuven.be/studentenvoorzieningen/jobdienst/jobstudent
www.technobuffalo.com/2016,www.technobuffalo.com/2016/03/21/nexus-5x-vs-sony-xperia-z5-premium-vote-best-smartphone-mobile-madness-2016
godville.net,godville.net/superhero
www.leuven.be,www.leuven.be/index.jsp
www.hln.be/hln/nl/961/Wetenschap/2324/Global-Warming/actua,www.hln.be/hln/nl/961/Wetenschap/2324/Global-Warming/actua/index.dhtml
www.bol.com/nl/m/nederlandse-boeken/thrillers-fantasy/N/255+8293,www.bol.com/nl/m/nederlandse-boeken/thrillers-fantasy/N/255+8293/index.html
www.kapaza.be,www.kapaza.be/nl/auto
www.reddit.com/message,www.reddit.com/message/inbox
deredactie.be/cm/vrtnieuws/videozone,deredactie.be/cm/vrtnieuws/videozone/programmas/journaal
sporza.be/cm/sporza/matchcenter/mc_voetbal/jupilerleague_1516,sporza.be/cm/sporza/matchcenter/mc_voetbal/jupilerleague_1516/JPL_PO_speeldag1
sporza.be/cm/sporza/matchcenter/mc_voetbal,sporza.be/cm/sporza/matchcenter/mc_voetbal/Engeland_1516
p.cygnus.cc.kuleuven.be/bbcswebdav/pid-17264512-dt-content-rid-71463075_2/courses,p.cygnus.cc.kuleuven.be/bbcswebdav/pid-17264512-dt-content-rid-71463075_2/courses/B-KUL-H02C6a-1516
www.meteo.be/meteo/view/nl,www.meteo.be/meteo/view/nl/65239-Home.html
wiki.wina.be,wiki.wina.be/examens/index.php/Categorie:3bi
www.knack.be/nieuws/belgie,www.knack.be/nieuws/belgie/explosies-luchthaven-zaventem-13-doden-35-gewonden-mivb-bevestigt-aanslag-metrostation-maalbeek/live-normal-681403.html
webwsp.aps.kuleuven.be/sap(bD1ubCZjPTIwMA==)/public,webwsp.aps.kuleuven.be/sap(bD1ubCZjPTIwMA==)/public/bsp/sap/z_mijnuurrstrs
deredactie.be/cm/vrtnieuws,deredactie.be/cm/vrtnieuws/videozone
github.com/cltk/cltk/wiki,github.com/cltk/cltk/wiki/Project-ideas
www.hln.be/hln/nl/9090/Voetbal,www.hln.be/hln/nl/9090/Voetbal/index.dhtml
grch37.ensembl.org,grch37.ensembl.org/Homo_sapiens/Gene
mijn.bibliotheek.be,mijn.bibliotheek.be/portal/rest/user/2d6430a8-51e6-4911-b121-e14c2dbc1f60/library/491993
www.hln.be/hln/nl/957/Binnenland/article/detail,www.hln.be/hln/nl/957/Binnenland/article/detail/2657907/2016/03/25/Video-toont-hoe-politie-kind-weghaalt-bij-neergeschoten-verdachte-in-Schaarbeek.dhtml
www.nieuwsblad.be/regio,www.nieuwsblad.be/regio/startgemeente
www.tijd.be/beurzen,www.tijd.be/beurzen/euronext-brussel/bel20
gathering.tweakers.net/forum/list_topics,gathering.tweakers.net/forum/list_topics/22
eu.battle.net/wow/en,eu.battle.net/wow/en/forum/872818
www.vier.be/demol/videos,www.vier.be/demol/videos/aflevering-van-15-februari/1684566
weather.com/weather,weather.com/weather/today/l/LUXX0003:1:LU
www.reddit.com/r/RoomPorn/comments/48rw0h,www.reddit.com/r/RoomPorn/comments/48rw0h/comfy_movie_theater_634_x_423
www.kblvb.be,www.kblvb.be/Competitie/Wedstrijdplanning
tweakers.net/categorie/496/laptops,tweakers.net/categorie/496/laptops/producten
www.ucll.be/studeren/student-aan-ucll/campussen/campus-hertogstraat,www.ucll.be/studeren/student-aan-ucll/campussen/campus-hertogstraat/sporthal/sportaanbod-heverlee/badminton
onderwijsaanbod.kuleuven.be/syllabi/n,onderwijsaanbod.kuleuven.be/syllabi/n/H04J4AN.htm
sporza.be/cm/sporza/atletiek,sporza.be/cm/sporza/atletiek/WK_atletiek
www.visitoostende.be,www.visitoostende.be/en/food-and-drink
www.twitch.tv/directory,www.twitch.tv/directory/all
www.premierleague.com/en-gb/matchday,www.premierleague.com/en-gb/matchday/league-table.html
webwsp.aps.kuleuven.be/sap(bD1ubCZjPTIwMA==)/public/bsp/sap,webwsp.aps.kuleuven.be/sap(bD1ubCZjPTIwMA==)/public/bsp/sap/z_mijnuurrstrs
www.nieuwsblad.be/nieuws,www.nieuwsblad.be/nieuws/binnenland
sporza.be/cm/sporza/matchcenter/mc_wielrennen/Comp_voorjaar_2016,sporza.be/cm/sporza/matchcenter/mc_wielrennen/Comp_voorjaar_2016/1.2587904
www.hln.be/hln/nl/2656/Global-Warming/article,www.hln.be/hln/nl/2656/Global-Warming/article/detail/2654038/2016/03/22/Groot-watertekort-in-2030.dhtml
www.belgianrail.be/jp,www.belgianrail.be/jp/sncb-nmbs-routeplanner/query.exe
www.kuleuven.be/campus,www.kuleuven.be/campus/leuven/index.html
www.benl.ebay.be/sch,www.benl.ebay.be/sch/Computer-PDA-/160/i.html
www.1dayfly.com,www.1dayfly.com/be/nl
www.vi.nl,www.vi.nl/competities/wedstrijden
www.cinemablend.com,www.cinemablend.com/reviews
www.dourfestival.eu,www.dourfestival.eu/nl/tickets-reservations/ticket/pass
docs.cltk.org,docs.cltk.org/en/latest/pali.html
www.knack.be/nieuws/belgie/video-s-explosies-zaventem-evacuatie-en-moment-van-explosie,www.knack.be/nieuws/belgie/video-s-explosies-zaventem-evacuatie-en-moment-van-explosie/article-normal-681449.html
www.ucll.be/studeren/student-aan-ucll/diensten-voor-studenten,www.ucll.be/studeren/student-aan-ucll/diensten-voor-studenten/diensten-voor-studenten-leuven-0/sport-leuven
sporza.be/cm/sporza/matchcenter/mc_voetbal,sporza.be/cm/sporza/matchcenter/mc_voetbal/jupilerleague_1516
webwsp.aps.kuleuven.be/sap(bD1ubCZjPTIwMA==)/public/bsp,webwsp.aps.kuleuven.be/sap(bD1ubCZjPTIwMA==)/public/bsp/sap/z_mijnuurrstrs
