www.apple.com/shop/buy-mac,www.apple.com/shop/buy-mac/macbook
webwsp.aps.kuleuven.be/sap(bD1ubCZjPTIwMA==),webwsp.aps.kuleuven.be/sap(bD1ubCZjPTIwMA==)/public/bsp/sap/z_mijnuurrstrs
cuetracker.net,cuetracker.net/Statistics
www.reddit.com,www.reddit.com/r/all
www.python.org/download,www.python.org/download/releases/1.6.1
www.hln.be/hln/nl/957,www.hln.be/hln/nl/957/Binnenland/article/detail/2657907/2016/03/25/Video-toont-hoe-politie-kind-weghaalt-bij-neergeschoten-verdachte-in-Schaarbeek.dhtml
www.benl.ebay.be,www.benl.ebay.be/sch/Computer-PDA-/160/i.html
www.vier.be/demol/programmas,www.vier.be/demol/programmas/de-mol
www.meteo.be,www.meteo.be/meteo/view/nl/123507-Zee-+en+kustweerbericht.html
runkeeper.com/user,runkeeper.com/user/jeffhoremans/fitnessReports/cardio
www.ligtv.com.tr/fotogaleri,www.ligtv.com.tr/fotogaleri/besiktas-seneye-de-favori
weather.com/weather/today,weather.com/weather/today/l/LUXX0003:1:LU
sporza.be/cm/sporza/matchcenter,sporza.be/cm/sporza/matchcenter/mc_voetbal/Engeland_1516
github.com/cltk/cltk/issues,github.com/cltk/cltk/issues/108
sporza.be/cm/sporza/videozone/programmas,sporza.be/cm/sporza/videozone/programmas/extratime
www.meteo.be/meteo/view,www.meteo.be/meteo/view/nl/65239-Home.html
bib.kuleuven.be/universiteitsarchief/collecties,bib.kuleuven.be/universiteitsarchief/collecties/musea
www.pukkelpop.be/nl/line-up,www.pukkelpop.be/nl/line-up/abc
freepsdflyer.com,freepsdflyer.com/page/5
www.kuleuven.be,www.kuleuven.be/onderwijs/student
people.cs.kuleuven.be,people.cs.kuleuven.be/~bart.demoen/FCW
www.ibood.com/be,www.ibood.com/be/nl
www.dourfestival.eu/nl,www.dourfestival.eu/nl/tickets-reservations/ticket/pass
mijn.bibliotheek.be/portal/rest/user/2d6430a8-51e6-4911-b121-e14c2dbc1f60/library,mijn.bibliotheek.be/portal/rest/user/2d6430a8-51e6-4911-b121-e14c2dbc1f60/library/491993
www.meteo.be/meteo/view/nl,www.meteo.be/meteo/view/nl/123507-Zee-+en+kustweerbericht.html
dtai.cs.kuleuven.be,dtai.cs.kuleuven.be/education/masterthesis/guidelines
doorbraak.be,doorbraak.be/nl/nieuws
www.hln.be/regio,www.hln.be/regio/nieuws-uit-zemst
runkeeper.com/user/jeffhoremans/fitnessReports,runkeeper.com/user/jeffhoremans/fitnessReports/cardio
www.kuleuven.be/sport,www.kuleuven.be/sport/sportaanbod/individuele-sporten/badminton
www.hln.be/hln/nl/2656/Global-Warming/article/detail/2654038/2016/03,www.hln.be/hln/nl/2656/Global-Warming/article/detail/2654038/2016/03/22/Groot-watertekort-in-2030.dhtml
www.bloomberg.com/markets,www.bloomberg.com/markets/stocks/world-indexes/americas
gathering.tweakers.net/forum/list_messages/1160786,gathering.tweakers.net/forum/list_messages/1160786/last
ca.wikipedia.org/wiki,ca.wikipedia.org/wiki/Ci%C3%A8ncia
p.cygnus.cc.kuleuven.be/bbcswebdav/pid-17248235-dt-content-rid-70805699_2,p.cygnus.cc.kuleuven.be/bbcswebdav/pid-17248235-dt-content-rid-70805699_2/courses/B-KUL-H02C6a-1516
sporza.be/cm/sporza/matchcenter/mc_voetbal/Engeland_1516,sporza.be/cm/sporza/matchcenter/mc_voetbal/Engeland_1516/MG_speeldag_30/1.2596816
www.gva.be/cnt,www.gva.be/cnt/dmf20160324_02200733/origi-valt-geblesseerd-af-voor-portugal
pythoncentral.io,pythoncentral.io/add-python-to-path-python-is-not-recognized-as-an-internal-or-external-command
www.reddit.com/r/Advance_Wars,www.reddit.com/r/Advance_Wars/comments/48myft/advance_wars_dual_strike_hard_campaign_max
freepsdflyer.com/page,freepsdflyer.com/page/6
wet.kuleuven.be,wet.kuleuven.be/studenten/onderwijs
www.bloomberg.com/markets/stocks/world-indexes,www.bloomberg.com/markets/stocks/world-indexes/americas
www.cosic.esat.kuleuven.be,www.cosic.esat.kuleuven.be/cns/01_introduction/introduction.html
wiki.associatie.kuleuven.be,wiki.associatie.kuleuven.be/aplai/index.php/ECLiPSe_Exercises
www.benl.ebay.be/sch/Computer-PDA-,www.benl.ebay.be/sch/Computer-PDA-/160/i.html
webwsp.aps.kuleuven.be,webwsp.aps.kuleuven.be/sap(bD1ubCZjPTIwMA==)/public/bsp/sap/z_mijnuurrstrs
www.cnbc.com,www.cnbc.com/2016/03/22/lying-on-insurance-forms-can-come-back-to-haunt-you.html
www.reddit.com/r/photoshopbattles/comments,www.reddit.com/r/photoshopbattles/comments/488v5v/psbattle_dicaprio_gets_an_oscar_for_best_actor
en.wikipedia.org/wiki,en.wikipedia.org/wiki/Communication
www.youtube.com,www.youtube.com/yt/dev/api-resources.html
www.nationale-loterij.be/nl/onze-spelen,www.nationale-loterij.be/nl/onze-spelen/euro-millions/resultaten
tweakers.net/categorie,tweakers.net/categorie/496/laptops/producten
www.vier.be/demol/videos/aflevering-van-22-februari,www.vier.be/demol/videos/aflevering-van-22-februari/1704426
eng.kuleuven.be/studenten/programmas/programma,eng.kuleuven.be/studenten/programmas/programma/index.html
deredactie.be/cm/vrtnieuws/binnenland,deredactie.be/cm/vrtnieuws/binnenland/1.2608715
cygnus.cc.kuleuven.be/webapps/blackboard,cygnus.cc.kuleuven.be/webapps/blackboard/execute/course/tools
sporza.be/cm/sporza/voetbal/buitenland,sporza.be/cm/sporza/voetbal/buitenland/Engeland
www.vier.be/theskyisthelimit,www.vier.be/theskyisthelimit/programmas/sky-limit
www.vi.nl/competities/stand,www.vi.nl/competities/stand/pro-league-20152016-belgie.htm
www.knack.be/nieuws/belgie,www.knack.be/nieuws/belgie/explosies-luchthaven-zaventem-13-doden-35-gewonden-mivb-bevestigt-aanslag-metrostation-maalbeek/live-normal-681403.html
p.cygnus.cc.kuleuven.be/bbcswebdav/pid-17264512-dt-content-rid-71463075_2,p.cygnus.cc.kuleuven.be/bbcswebdav/pid-17264512-dt-content-rid-71463075_2/courses/B-KUL-H02C6a-1516
www.hln.be/hln/nl/957/Binnenland,www.hln.be/hln/nl/957/Binnenland/article/detail/2657907/2016/03/25/Video-toont-hoe-politie-kind-weghaalt-bij-neergeschoten-verdachte-in-Schaarbeek.dhtml
weather.com/weather/today/l,weather.com/weather/today/l/MXPA0070:1:MX
www.vier.be/demol/videos,www.vier.be/demol/videos/aflevering-van-15-februari/1684566
www.quora.com/Python-programming-language-1,www.quora.com/Python-programming-language-1/What-is-the-difference-between-IPython-notebook-and-IDLE
www.kuleuven.be/studentenvoorzieningen/jobdienst,www.kuleuven.be/studentenvoorzieningen/jobdienst/jobstudent
gathering.tweakers.net/forum,gathering.tweakers.net/forum/list_messages/1160786/last
www.technobuffalo.com/page,www.technobuffalo.com/page/2
www.hln.be/hln/nl/961/Wetenschap/2324,www.hln.be/hln/nl/961/Wetenschap/2324/Global-Warming/actua/index.dhtml
p.cygnus.cc.kuleuven.be/webapps/blackboard/execute,p.cygnus.cc.kuleuven.be/webapps/blackboard/execute/course/tools
eng.kuleuven.be/studenten/examens-evaluatie-diploma-1,eng.kuleuven.be/studenten/examens-evaluatie-diploma-1/diploma
www.cnbc.com/2016,www.cnbc.com/2016/03/22/lying-on-insurance-forms-can-come-back-to-haunt-you.html
www.dourfestival.eu/nl/program,www.dourfestival.eu/nl/program/lineup/overview
www.bol.com/nl/boeken/nederlandse-boeken,www.bol.com/nl/boeken/nederlandse-boeken/index.html
godville.net,godville.net/superhero
www.vier.be/demol/videos,www.vier.be/demol/videos/aflevering-van-22-februari/1704426
www.meteovista.be/Europa/Belgie,www.meteovista.be/Europa/Belgie/Leuven/4054147
www.kblvb.be,www.kblvb.be/Competitie/Wedstrijdplanning
sporza.be/cm/sporza/matchcenter/mc_voetbal/Engeland_1516/MG_speeldag_31,sporza.be/cm/sporza/matchcenter/mc_voetbal/Engeland_1516/MG_speeldag_31/1.2604421
augment.cs.kuleuven.be/wiki/index.php,augment.cs.kuleuven.be/wiki/index.php/InfoVis-1516
www.hln.be/hln/nl/957/Binnenland/article/detail,www.hln.be/hln/nl/957/Binnenland/article/detail/2657907/2016/03/25/Video-toont-hoe-politie-kind-weghaalt-bij-neergeschoten-verdachte-in-Schaarbeek.dhtml
cygnus.cc.kuleuven.be/webapps/discussionboard,cygnus.cc.kuleuven.be/webapps/discussionboard/do
www.bestpsdfreebies.com,www.bestpsdfreebies.com/freebie/modern-infographics-vector-pack
www.gva.be,www.gva.be/cnt/dmf20160324_02200733/origi-valt-geblesseerd-af-voor-portugal
www.google.be/intl/en,www.google.be/intl/en/about
sporza.be/cm/sporza/matchcenter/mc_voetbal/jupilerleague_1516,sporza.be/cm/sporza/matchcenter/mc_voetbal/jupilerleague_1516/JPL_PO_speeldag1
deredactie.be/cm/vrtnieuws/videozone/programmas,deredactie.be/cm/vrtnieuws/videozone/programmas/journaal
www.hln.be/hln/nl/957/Binnenland/article/detail/2657907/2016,www.hln.be/hln/nl/957/Binnenland/article/detail/2657907/2016/03/25/Video-toont-hoe-politie-kind-weghaalt-bij-neergeschoten-verdachte-in-Schaarbeek.dhtml
uk.businessinsider.com/category,uk.businessinsider.com/category/10-most-important-things-in-the-world
www.hln.be/regio,www.hln.be/regio/nieuws-uit-mol
www.kuleuven.be/onderwijs/studievoortgang,www.kuleuven.be/onderwijs/studievoortgang/studievoortgang/toleranties
www.kuleuven.be/wieiswie/en/person,www.kuleuven.be/wieiswie/en/person/00015195
uk.businessinsider.com,uk.businessinsider.com/tech
p.cygnus.cc.kuleuven.be/bbcswebdav,p.cygnus.cc.kuleuven.be/bbcswebdav/pid-17264512-dt-content-rid-71463075_2/courses/B-KUL-H02C6a-1516
www.kuleuven.be/studenten,www.kuleuven.be/studentenvoorzieningen/jobdienst/jobstudent
gathering.tweakers.net,gathering.tweakers.net/forum/list_messages/1160786/last
www.meteo.be/meteo,www.meteo.be/meteo/view/nl/123507-Zee-+en+kustweerbericht.html
onderwijsaanbod.kuleuven.be/opleidingen/n,onderwijsaanbod.kuleuven.be/opleidingen/n/SC_51230411.htm
www.hln.be/hln/nl/923,www.hln.be/hln/nl/923/Sport/index.dhtml
www.kuleuven.be/onderwijs/studievoortgang/studievoortgang,www.kuleuven.be/onderwijs/studievoortgang/studievoortgang/toleranties
github.com/cltk,github.com/cltk/cltk/wiki/Project-ideas
www.dourfestival.eu/nl/tickets-reservations,www.dourfestival.eu/nl/tickets-reservations/ticket/pass/nocamping
www.nationale-loterij.be/nl,www.nationale-loterij.be/nl/onze-spelen/euro-millions/resultaten
www.bloomberg.com/markets/stocks,www.bloomberg.com/markets/stocks/world-indexes/americas
www.hbvl.be,www.hbvl.be/tot-uw-dienst/info-en-contact
p.cygnus.cc.kuleuven.be/bbcswebdav/pid-15281699-dt-content-rid-69211904_2,p.cygnus.cc.kuleuven.be/bbcswebdav/pid-15281699-dt-content-rid-69211904_2/courses/B-KUL-H02A8a-1516
www.dourfestival.eu/nl/tickets-reservations/ticket/pass,www.dourfestival.eu/nl/tickets-reservations/ticket/pass/nocamping
tweakers.net/categorie/215/smartphones,tweakers.net/categorie/215/smartphones/producten
www.kuleuven.be/onderwijs/traject,www.kuleuven.be/onderwijs/traject/vrijstelling/index
www.ucll.be/studeren/student-aan-ucll/diensten-voor-studenten/diensten-voor-studenten-leuven-0,www.ucll.be/studeren/student-aan-ucll/diensten-voor-studenten/diensten-voor-studenten-leuven-0/sport-leuven
www.technobuffalo.com/2016,www.technobuffalo.com/2016/03/21/nexus-5x-vs-sony-xperia-z5-premium-vote-best-smartphone-mobile-madness-2016
runkeeper.com/user/jeffhoremans,runkeeper.com/user/jeffhoremans/fitnessReports/cardio
www.nieuwsblad.be/sportwereld,www.nieuwsblad.be/sportwereld/wielrennen
www.radio1.be/programmas,www.radio1.be/programmas/playlists/overzicht
wiki.wina.be/examens,wiki.wina.be/examens/index.php/Categorie:3bi
www.benl.ebay.be/sch/Pcs-/3736,www.benl.ebay.be/sch/Pcs-/3736/i.html
sporza.be/cm/sporza/matchcenter/mc_voetbal/Engeland_1516/MG_speeldag_30,sporza.be/cm/sporza/matchcenter/mc_voetbal/Engeland_1516/MG_speeldag_30/1.2596816
www.kuleuven.be/wieiswie,www.kuleuven.be/wieiswie/en/person/00015195
sporza.be/cm/sporza/matchcenter/mc_voetbal,sporza.be/cm/sporza/matchcenter/mc_voetbal/jupilerleague_1516
weather.com/weather/today,weather.com/weather/today/l/MXPA0070:1:MX
www.nationale-loterij.be/nl/onze-spelen/euro-millions,www.nationale-loterij.be/nl/onze-spelen/euro-millions/resultaten
www.cosic.esat.kuleuven.be/cns,www.cosic.esat.kuleuven.be/cns/01_introduction/introduction.html
www.premierleague.com/en-gb/matchday,www.premierleague.com/en-gb/matchday/league-table.html
www.meteo.be/meteo,www.meteo.be/meteo/view/nl/65239-Home.html
www.bol.com/nl/m/nederlandse-boeken,www.bol.com/nl/m/nederlandse-boeken/thrillers-fantasy/N/255+8293/index.html
www.reddit.com/r,www.reddit.com/r/all
sporza.be,sporza.be/cm/sporza/voetbal
wiki.associatie.kuleuven.be/aplai,wiki.associatie.kuleuven.be/aplai/index.php/ECLiPSe_Exercises
www.knack.be/nieuws/belgie/man-opgepakt-bij-antiterreuractie-schaarbeek-jambon-een-persoon-uit-politieapparaat-heeft-geblunderd,www.knack.be/nieuws/belgie/man-opgepakt-bij-antiterreuractie-schaarbeek-jambon-een-persoon-uit-politieapparaat-heeft-geblunderd/live-normal-681403.html
steamcommunity.com,steamcommunity.com/market/listings/730/AWP%20%7C%20Man-o%27-war%20%28Minimal%20Wear%29
www.knack.be/nieuws,www.knack.be/nieuws/belgie/video-s-explosies-zaventem-evacuatie-en-moment-van-explosie/article-normal-681449.html
sporza.be/cm/sporza/videozone,sporza.be/cm/sporza/videozone/v_FIFAWK_voetbal/RodeDuivels/1.2612524
www.reddit.com/r/Advance_Wars/comments,www.reddit.com/r/Advance_Wars/comments/48myft/advance_wars_dual_strike_hard_campaign_max
www.hln.be/hln/nl/2656/Global-Warming/article/detail/2654038,www.hln.be/hln/nl/2656/Global-Warming/article/detail/2654038/2016/03/22/Groot-watertekort-in-2030.dhtml
www.ucll.be/studeren/student-aan-ucll/campussen/campus-hertogstraat,www.ucll.be/studeren/student-aan-ucll/campussen/campus-hertogstraat/sporthal/sportaanbod-heverlee/badminton
deredactie.be/cm/vrtnieuws/buitenland,deredactie.be/cm/vrtnieuws/buitenland/Amerika-kiest
grch37.ensembl.org,grch37.ensembl.org/Homo_sapiens/Gene
www.vi.nl/competities/wedstrijden,www.vi.nl/competities/wedstrijden/pro-league-20152016-belgie.htm
sporza.be/cm/sporza/videozone/v_FIFAWK_voetbal,sporza.be/cm/sporza/videozone/v_FIFAWK_voetbal/RodeDuivels/1.2612175
www.hln.be/hln/nl/957/Binnenland/article/detail/2657907/2016/03/25,www.hln.be/hln/nl/957/Binnenland/article/detail/2657907/2016/03/25/Video-toont-hoe-politie-kind-weghaalt-bij-neergeschoten-verdachte-in-Schaarbeek.dhtml
sporza.be/cm/sporza/matchcenter/mc_wielrennen,sporza.be/cm/sporza/matchcenter/mc_wielrennen/Comp_voorjaar_2016/1.2587904
www.reddit.com/r/news,www.reddit.com/r/news/top
www.benl.ebay.be/sch,www.benl.ebay.be/sch/Computer-PDA-/160/i.html
p.cygnus.cc.kuleuven.be/bbcswebdav/pid-17284443-dt-content-rid-72649804_2/courses,p.cygnus.cc.kuleuven.be/bbcswebdav/pid-17284443-dt-content-rid-72649804_2/courses/B-KUL-H02C6a-1516
sporza.be/cm/sporza/videozone/v_FIFAWK_voetbal,sporza.be/cm/sporza/videozone/v_FIFAWK_voetbal/RodeDuivels/1.2612524
www.kapaza.be,www.kapaza.be/nl/bmw
www.hln.be/regio/nieuws-uit-zemst,www.hln.be/regio/nieuws-uit-zemst/comite-p-onderzoekt-terreurtip-a2657330
onderwijsaanbod.kuleuven.be/syllabi/e,onderwijsaanbod.kuleuven.be/syllabi/e/H0T25AE.htm
www.hln.be/hln/nl,www.hln.be/hln/nl/923/Sport/index.dhtml
www.radio1.be/programmas/playlists,www.radio1.be/programmas/playlists/overzicht
www.ucll.be,www.ucll.be/studeren/student-aan-ucll/campussen/campus-hertogstraat/sporthal/sportaanbod-heverlee
weather.yahoo.com/belgium/vlaams-brabant,weather.yahoo.com/belgium/vlaams-brabant/leuven-973505
weather.yahoo.com/belgium,weather.yahoo.com/belgium/vlaams-brabant/leuven-973505
www.bol.com/nl/m/nederlandse-boeken/thrillers-fantasy,www.bol.com/nl/m/nederlandse-boeken/thrillers-fantasy/N/255+8293/index.html
en.wikipedia.org,en.wikipedia.org/wiki/Communication
www.vi.nl/teams,www.vi.nl/teams/wedstrijden/psv.htm
waitbutwhy.com/2014,waitbutwhy.com/2014/02/pick-life-partner.html
www.meteo.be,www.meteo.be/meteo/view/nl/65239-Home.html
sporza.be/cm/sporza/atletiek,sporza.be/cm/sporza/atletiek/WK_atletiek
www.reddit.com/r/RoomPorn,www.reddit.com/r/RoomPorn/comments/48rw0h/comfy_movie_theater_634_x_423
stratenlopen.be,stratenlopen.be/calendar.php
flask.pocoo.org/docs,flask.pocoo.org/docs/0.10
mijn.bibliotheek.be/portal/rest,mijn.bibliotheek.be/portal/rest/user/2d6430a8-51e6-4911-b121-e14c2dbc1f60/library/491993
scoooreleague.be,scoooreleague.be/advanced_stats
wiki.associatie.kuleuven.be/aplai/index.php,wiki.associatie.kuleuven.be/aplai/index.php/ECLiPSe_Exercises
www.meteo.be/meteo/view/nl,www.meteo.be/meteo/view/nl/65239-Home.html
southpark.cc.com,southpark.cc.com/full-episodes
www.vi.nl/competities,www.vi.nl/competities/wedstrijden/pro-league-20152016-belgie.htm
eng.kuleuven.be/studenten/masterproef,eng.kuleuven.be/studenten/masterproef/masterproef/index.html
www.kuleuven.be/onderwijs/traject/vrijstelling,www.kuleuven.be/onderwijs/traject/vrijstelling/index
p.cygnus.cc.kuleuven.be/bbcswebdav,p.cygnus.cc.kuleuven.be/bbcswebdav/pid-17284443-dt-content-rid-72649804_2/courses/B-KUL-H02C6a-1516
sporza.be/cm/sporza,sporza.be/cm/sporza/voetbal/Jupiler_Pro_League
webwsp.aps.kuleuven.be/sap(bD1ubCZjPTIwMA==)/public,webwsp.aps.kuleuven.be/sap(bD1ubCZjPTIwMA==)/public/bsp/sap/z_mijnuurrstrs
www.kuleuven.be/sport/sportaanbod/individuele-sporten,www.kuleuven.be/sport/sportaanbod/individuele-sporten/badminton
www.twitch.tv/directory,www.twitch.tv/directory/all
www.hln.be/hln/nl/2656/Global-Warming,www.hln.be/hln/nl/2656/Global-Warming/article/detail/2654038/2016/03/22/Groot-watertekort-in-2030.dhtml
www.apple.com/shop,www.apple.com/shop/buy-mac/macbook
www.kblvb.be/Competitie,www.kblvb.be/Competitie/Wedstrijdplanning
stackoverflow.com,stackoverflow.com/jobs
www.leuven.be,www.leuven.be/index.jsp
tweakers.net/categorie/215,tweakers.net/categorie/215/smartphones/producten
sporza.be/cm/sporza/matchcenter/mc_voetbal/Engeland_1516,sporza.be/cm/sporza/matchcenter/mc_voetbal/Engeland_1516/MG_speeldag_31/1.2604421
www.hln.be/hln/nl/2656/Global-Warming/article/detail,www.hln.be/hln/nl/2656/Global-Warming/article/detail/2654038/2016/03/22/Groot-watertekort-in-2030.dhtml
cygnus.cc.kuleuven.be/webapps/blackboard/execute/course,cygnus.cc.kuleuven.be/webapps/blackboard/execute/course/tools
www.bol.com/nl,www.bol.com/nl/m/nederlandse-boeken/thrillers-fantasy/N/255+8293/index.html
waitbutwhy.com,waitbutwhy.com/2014/02/pick-life-partner.html
www.bol.com/nl/m,www.bol.com/nl/m/nederlandse-boeken/thrillers-fantasy/N/255+8293/index.html
www.apple.com,www.apple.com/iphone
eu.battle.net/wow/en,eu.battle.net/wow/en/forum/872818
www.kuleuven.be/wieiswie/en,www.kuleuven.be/wieiswie/en/person/00015195
www.belgianrail.be/jp,www.belgianrail.be/jp/sncb-nmbs-routeplanner/query.exe
doorbraak.be/nl,doorbraak.be/nl/nieuws
www.belgianrail.be,www.belgianrail.be/jp/sncb-nmbs-routeplanner/query.exe
weather.com,weather.com/weather/today/l/LUXX0003:1:LU
www.tijd.be/beurzen/euronext-brussel,www.tijd.be/beurzen/euronext-brussel/bel20
www.hln.be/hln/nl/961/Wetenschap/2324/Global-Warming,www.hln.be/hln/nl/961/Wetenschap/2324/Global-Warming/actua/index.dhtml
www.youtube.com/yt,www.youtube.com/yt/dev/api-resources.html
9gag.com,9gag.com/trending
sporza.be/cm/sporza/matchcenter/mc_wielrennen/Comp_voorjaar_2016,sporza.be/cm/sporza/matchcenter/mc_wielrennen/Comp_voorjaar_2016/1.2587904
webwsp.aps.kuleuven.be/sap(bD1ubCZjPTIwMA==)/public/bsp,webwsp.aps.kuleuven.be/sap(bD1ubCZjPTIwMA==)/public/bsp/sap/z_mijnuurrstrs
www.pukkelpop.be/nl,www.pukkelpop.be/nl/tickets
flask.pocoo.org,flask.pocoo.org/docs/0.10
deredactie.be/cm/vrtnieuws/cultuur%2Ben%2Bmedia,deredactie.be/cm/vrtnieuws/cultuur%2Ben%2Bmedia/film
tweakers.net/categorie/496,tweakers.net/categorie/496/laptops/producten
www.cinemablend.com,www.cinemablend.com/reviews
www.alma.be,www.alma.be/nl/restaurant/alma-3
www.alma.be/nl/restaurant,www.alma.be/nl/restaurant/alma-3
www.ucll.be/studeren/student-aan-ucll/campussen/campus-hertogstraat/sporthal,www.ucll.be/studeren/student-aan-ucll/campussen/campus-hertogstraat/sporthal/sportaanbod-heverlee/badminton
www.ucll.be/studeren/student-aan-ucll/campussen,www.ucll.be/studeren/student-aan-ucll/campussen/campus-hertogstraat/sporthal/sportaanbod-heverlee/badminton
www.visitoostende.be/en,www.visitoostende.be/en/food-and-drink
www.ucll.be/studeren/student-aan-ucll/diensten-voor-studenten,www.ucll.be/studeren/student-aan-ucll/diensten-voor-studenten/diensten-voor-studenten-leuven-0/sport-leuven
eng.kuleuven.be/studenten/masterproef/masterproef,eng.kuleuven.be/studenten/masterproef/masterproef/index.html
toledo.kuleuven.be,toledo.kuleuven.be/portal
p.cygnus.cc.kuleuven.be/bbcswebdav/pid-17284443-dt-content-rid-72649804_2,p.cygnus.cc.kuleuven.be/bbcswebdav/pid-17284443-dt-content-rid-72649804_2/courses/B-KUL-H02C6a-1516
www.hln.be/hln/nl/2656,www.hln.be/hln/nl/2656/Global-Warming/article/detail/2654038/2016/03/22/Groot-watertekort-in-2030.dhtml
www.reddit.com/r/worldnews,www.reddit.com/r/worldnews/top
www.bol.com/nl/m/nederlandse-boeken/thrillers-fantasy/N,www.bol.com/nl/m/nederlandse-boeken/thrillers-fantasy/N/255+8293/index.html
www.technobuffalo.com/2016/03,www.technobuffalo.com/2016/03/21/nexus-5x-vs-sony-xperia-z5-premium-vote-best-smartphone-mobile-madness-2016
www.9lives.be,www.9lives.be/forum
www.python.org/download/releases,www.python.org/download/releases/1.6.1
cygnus.cc.kuleuven.be/webapps,cygnus.cc.kuleuven.be/webapps/discussionboard/do
www.ucll.be/studeren/student-aan-ucll/diensten-voor-studenten/diensten-voor-studenten-leuven,www.ucll.be/studeren/student-aan-ucll/diensten-voor-studenten/diensten-voor-studenten-leuven-0/sport-leuven
deredactie.be/cm/vrtnieuws/videozone,deredactie.be/cm/vrtnieuws/videozone/programmas/journaal
p.cygnus.cc.kuleuven.be/bbcswebdav/pid-17264512-dt-content-rid-71463075_2/courses,p.cygnus.cc.kuleuven.be/bbcswebdav/pid-17264512-dt-content-rid-71463075_2/courses/B-KUL-H02C6a-1516
bib.kuleuven.be,bib.kuleuven.be/universiteitsarchief/collecties/musea
