www.demorgen.be,0.0
www.bjluyten.net,0.0
www.bjluyten.net/index.php/route,0.0
sporza.be/cm/sporza/voetbal,0.0
sporza.be/cm/sporza,0.0
sporza.be/cm/sporza/matchcenter/mc_voetbal/jupilerleague_1516,0.0
sporza.be/cm/sporza,0.0
sporza.be/cm/sporza/voetbal/champions_league,0.0
toledo.kuleuven.be,0.0
toledo.kuleuven.be/portal,0.0
p.cygnus.cc.kuleuven.be/webapps/blackboard/execute,0.0
p.cygnus.cc.kuleuven.be/webapps/blackboard/execute/course/tools,0.0
p.cygnus.cc.kuleuven.be/webapps/discussionboard/do,0.0
p.cygnus.cc.kuleuven.be/webapps/discussionboard/do,0.0
p.cygnus.cc.kuleuven.be/webapps/discussionboard/do,0.0
p.cygnus.cc.kuleuven.be/webapps/discussionboard/do,0.0
p.cygnus.cc.kuleuven.be/webapps/discussionboard/do,0.0
www.kuleuven.be/kuleuven,0.0
www.kuleuven.be/studenten,0.0
onderwijsaanbod.kuleuven.be/opleidingen/n,0.0
onderwijsaanbod.kuleuven.be/opleidingen/n/CQ_50268945.htm,0.0
onderwijsaanbod.kuleuven.be/opleidingen/n/SC_51230411.htm,0.0
p.cygnus.cc.kuleuven.be/webapps/discussionboard/do,0.0
p.cygnus.cc.kuleuven.be/webapps/discussionboard/do,0.0
p.cygnus.cc.kuleuven.be/webapps/discussionboard/do,0.0
p.cygnus.cc.kuleuven.be/webapps/discussionboard/do,0.0
p.cygnus.cc.kuleuven.be/webapps/discussionboard/do,0.0
p.cygnus.cc.kuleuven.be/webapps/discussionboard/do,0.0
p.cygnus.cc.kuleuven.be/webapps/discussionboard/do,0.0
p.cygnus.cc.kuleuven.be/webapps/discussionboard/do,0.0
tweakers.net,0.0
tweakers.net/categorie/496/laptops/producten,0.0
tweakers.net/categorie/496/laptops/reviews,0.0
tweakers.net/pricewatch,0.0
gap.chiro.be/live/299,0.0
augment.cs.kuleuven.be/wiki/index.php/Main_Page,0.0
augment.cs.kuleuven.be/wiki/index.php/Main_Page,0.0
showrss.info,0.0
showrss.info,0.0
toledo.kuleuven.be,0.0
p.cygnus.cc.kuleuven.be/webapps/blackboard/execute,0.0
p.cygnus.cc.kuleuven.be/webapps/discussionboard/do,0.0
p.cygnus.cc.kuleuven.be/webapps/discussionboard/do,0.0
p.cygnus.cc.kuleuven.be/webapps/discussionboard/do,0.0
www.dourfestival.eu/nl,0.0
www.dourfestival.eu/nl/program/lineup/overview,0.0
www.dourfestival.eu/nl/program/stages,0.0
www.dourfestival.eu/nl/program/extra,0.0
www.pukkelpop.be/nl,0.0
southpark.cc.com,0.0
gap.chiro.be/live/299,0.0
tweakers.net,0.0
tweakers.net/nieuws,0.0
tweakers.net/reviews,0.0
tweakers.net/categorie/496/laptops/reviews,0.0
tweakers.net/categorie/496/laptops,0.0
tweakers.net/categorie/496/laptops/producten,0.0
tweakers.net/pricewatch,0.0
augment.cs.kuleuven.be/wiki/index.php/Main_Page,0.0
www.dourfestival.eu/nl,0.0
www.dourfestival.eu/nl/info,0.0
www.dourfestival.eu/nl/program/stages,0.0
www.pukkelpop.be/nl,0.0
www.pukkelpop.be/nl/tickets,0.0
showrss.info,0.0
tweakers.net,0.0
tweakers.net/categorie/496/laptops/producten,0.0
southpark.cc.com,0.0
southpark.cc.com/collections/4047/and-the-award-goes-to-/1,0.0
southpark.cc.com/full-episodes,0.0
toledo.kuleuven.be,0.0
p.cygnus.cc.kuleuven.be/webapps/blackboard/execute,0.0
p.cygnus.cc.kuleuven.be/webapps/discussionboard/do,0.0
www.pukkelpop.be/nl,0.0
www.pukkelpop.be/nl/faq,0.0
www.pukkelpop.be/nl/nieuws,0.0
www.pukkelpop.be/nl/nieuws,0.0
www.pukkelpop.be/nl/tickets,0.0
www.dourfestival.eu/nl,0.0
showrss.info,0.0
www.dourfestival.eu/nl,0.0
www.pukkelpop.be/nl,0.0
showrss.info,0.0
www.dourfestival.eu/nl,0.0
www.pukkelpop.be/nl,0.0
augment.cs.kuleuven.be/wiki/index.php/Main_Page,0.0
tweakers.net,0.0
augment.cs.kuleuven.be/wiki/index.php/Main_Page,0.0
toledo.kuleuven.be,0.0
p.cygnus.cc.kuleuven.be/webapps/blackboard/execute,0.0
p.cygnus.cc.kuleuven.be/webapps/discussionboard/do,0.0
southpark.cc.com,0.0
southpark.cc.com/full-episodes,0.0
augment.cs.kuleuven.be/wiki/index.php/Main_Page,0.0
southpark.cc.com,0.0
southpark.cc.com/full-episodes,0.0
southpark.cc.com,0.0
southpark.cc.com/full-episodes,0.0
southpark.cc.com,0.0
southpark.cc.com/wiki,0.0
gap.chiro.be/live/299,0.0
gap.chiro.be/live/299/Groep,0.0
augment.cs.kuleuven.be/wiki/index.php/Main_Page,0.0
augment.cs.kuleuven.be/wiki/index.php/Main_Page,0.0
www.dourfestival.eu/nl,0.0
www.dourfestival.eu/nl/tickets-reservations,0.0
www.dourfestival.eu/nl/tickets-reservations/ticket,0.0
www.dourfestival.eu/nl/tickets-reservations/ticket/pass,0.0
www.pukkelpop.be/nl,0.0
www.dourfestival.eu/nl,0.0
www.dourfestival.eu/nl/tickets-reservations/ticket,0.0
showrss.info,0.0
showrss.info,0.0
showrss.info,0.0
toledo.kuleuven.be,0.0
p.cygnus.cc.kuleuven.be/webapps/blackboard/execute,0.0
showrss.info,0.0
showrss.info,0.0
tweakers.net,0.0
tweakers.net/reviews,0.0
tweakers.net/pricewatch,0.0
www.nieuwsblad.be,0.0
www.nieuwsblad.be/regio/startgemeente,0.0
www.reddit.com/r/ProgrammerHumor,0.0
webdiplomacy.net,0.0
webdiplomacy.net,0.0
www.reddit.com/r/recruitinghell,0.0
webdiplomacy.net,0.0
webdiplomacy.net,0.0
www.reddit.com/r/photoshopbattles,0.0
webdiplomacy.net,0.0
webdiplomacy.net,0.0
webdiplomacy.net,0.0
webdiplomacy.net,0.0
www.reddit.com/me/m/all_subs,0.0
www.reddit.com/r/ProgrammerHumor,0.0
www.reddit.com/r/recruitinghell,0.0
www.reddit.com/r/photoshopbattles,0.0
www.reddit.com/r/photoshopbattles/comments/488v5v/psbattle_dicaprio_gets_an_oscar_for_best_actor,0.0
www.nieuwsblad.be,0.0
webdiplomacy.net,0.0
webdiplomacy.net,0.0
webdiplomacy.net,0.0
webdiplomacy.net,0.0
webdiplomacy.net,0.0
webdiplomacy.net,0.0
www.reddit.com/r/recruitinghell,0.0
www.reddit.com/r/ProgrammerHumor/comments/483tvl/source_code_is_important,0.0
webdiplomacy.net,0.0
webdiplomacy.net,0.0
webdiplomacy.net,0.0
stackoverflow.com,0.0
stackoverflow.com/questions/35701337/java-8-lambda-get-and-remove-element-from-list,0.0
stackoverflow.com,0.0
www.overleaf.com,0.0
www.overleaf.com/benefits,0.0
www.overleaf.com/plans,0.0
www.overleaf.com/plans,0.0
www.overleaf.com/plans,0.0
www.overleaf.com/latex/templates,0.0
www.overleaf.com,0.0
www.overleaf.com/latex/templates,0.0
www.overleaf.com/latex/templates,0.0
www.overleaf.com/gallery/tagged/academic-journal,0.0
www.overleaf.com/latex/templates/springer-lecture-notes-in-computer-science/kzwwpvhwnvfj,0.0
webdiplomacy.net,0.0
webdiplomacy.net,0.0
webdiplomacy.net,0.0
webdiplomacy.net,0.0
webdiplomacy.net,0.0
webdiplomacy.net,0.0
webdiplomacy.net,0.0
webdiplomacy.net,0.0
webdiplomacy.net,0.0
www.google.be,0.0
www.google.be,0.0
deredactie.be/cm/vrtnieuws,0.0
www.standaard.be,0.0
www.standaard.be/cnt/dmf20160229_02156916,0.0
weekend.knack.be/lifestyle/mode/waarom-u-hier-geen-worst-dressed-lijstje-van-de-oscars-vindt/article-opinion-672167.html,0.0
toledo.kuleuven.be,0.0
p.cygnus.cc.kuleuven.be/webapps/blackboard/execute,0.0
p.cygnus.cc.kuleuven.be/webapps/blackboard/execute/course/tools,0.0
p.cygnus.cc.kuleuven.be/webapps/discussionboard/do,0.0
p.cygnus.cc.kuleuven.be/webapps/discussionboard/do,0.0
p.cygnus.cc.kuleuven.be/webapps/discussionboard/do,0.0
p.cygnus.cc.kuleuven.be/webapps/discussionboard/do,0.0
p.cygnus.cc.kuleuven.be/webapps/discussionboard/do,0.0
uk.businessinsider.com,0.0
uk.businessinsider.com/strategy,0.0
uk.businessinsider.com/ceo-calls-his-mom-every-day-2016-2555,0.0
uk.businessinsider.com/mercer-2016-quality-of-living-worldwide-city-rankings-2016-2,0.0
uk.businessinsider.com,0.0
uk.businessinsider.com,0.0
uk.businessinsider.com/tech,0.0
developer.mozilla.org/en-US/Add-ons/Working_with_multiprocess_Firefox,0.0
developer.mozilla.org/en-US,0.0
developer.mozilla.org/en-US/docs/Web,0.0
sporza.be/cm/sporza,0.0
sporza.be/cm/sporza/voetbal/buitenland,0.0
sporza.be/cm/sporza/voetbal/buitenland/Engeland,0.0
sporza.be/cm/sporza/voetbal/buitenland/Engeland,0.0
uk.businessinsider.com,0.0
uk.businessinsider.com/tech,0.0
uk.businessinsider.com/google-just-took-a-much-clearer-stance-on-banning-ad-blocking-apps-but-ad-blocking-browsers-are-still-ok-2016-3,0.0
p.cygnus.cc.kuleuven.be/webapps/blackboard/execute,0.0
wiki.associatie.kuleuven.be/aplai,0.0
toledo.kuleuven.be/portal,0.0
p.cygnus.cc.kuleuven.be/webapps/blackboard/execute,0.0
wiki.associatie.kuleuven.be/aplai/index.php/Hoofdpagina,0.0
www.reddit.com/r/all,0.0
www.reddit.com/r/all,0.0
www.reddit.com/r/all,0.0
www.reddit.com/r/all,0.0
www.reddit.com/r/all,0.0
www.reddit.com/r/all,0.0
p.cygnus.cc.kuleuven.be/webapps/blackboard/execute,0.0
www.reddit.com/r/all,0.0
www.reddit.com/r/all,0.0
www.reddit.com/r/all,0.0
p.cygnus.cc.kuleuven.be/webapps/blackboard/execute,0.0
p.cygnus.cc.kuleuven.be/webapps/blackboard/content,0.0
www.reddit.com/r/gaming,0.0
p.cygnus.cc.kuleuven.be/webapps/blackboard/execute,0.0
p.cygnus.cc.kuleuven.be/webapps/blackboard/content,0.0
www.reddit.com/r/gaming,0.0
p.cygnus.cc.kuleuven.be/webapps/blackboard/execute,0.0
p.cygnus.cc.kuleuven.be/webapps/blackboard/content,0.0
p.cygnus.cc.kuleuven.be/webapps/blackboard/execute,0.0
p.cygnus.cc.kuleuven.be/webapps/blackboard/execute/course/tools,0.0
p.cygnus.cc.kuleuven.be/webapps/discussionboard/do,0.0
www.reddit.com/r/gaming,0.0
www.reddit.com/r/gaming,0.0
www.reddit.com/r/worldnews,0.0
www.reddit.com/r/nintendo,0.0
www.reddit.com/r/nintendo,0.0
p.cygnus.cc.kuleuven.be/webapps/blackboard/execute,0.0
p.cygnus.cc.kuleuven.be/webapps/blackboard/content,0.0
p.cygnus.cc.kuleuven.be/webapps/blackboard/content,0.0
p.cygnus.cc.kuleuven.be/webapps/blackboard/execute,0.0
wiki.associatie.kuleuven.be/aplai/index.php/Hoofdpagina,0.0
www.reddit.com/r/nintendo,0.0
www.reddit.com/r/nintendo,0.0
www.reddit.com/r/nintendo,0.0
www.reddit.com/r/pokemongo,0.0
www.reddit.com/r/pokemongo,0.0
www.reddit.com/r/TheSilphRoad/comments/48r0rs/dont_lose_hope_heres_some_reasons_why_i_think,0.0
www.reddit.com/r/pokemongo,0.0
www.reddit.com/r/gamedev,0.0
www.reddit.com/r/gamedev,0.0
www.reddit.com/r/Unity3D,0.0
www.reddit.com/r/Unity3D,0.0
www.reddit.com/r/Unity3D,0.0
www.reddit.com/r/unrealengine,0.0
www.reddit.com/r/unrealengine,0.0
www.reddit.com/r/Advance_Wars,0.0
www.reddit.com/r/Advance_Wars/comments/48myft/advance_wars_dual_strike_hard_campaign_max,0.0
www.reddit.com/r/Advance_Wars,0.0
www.reddit.com/r/Advance_Wars,0.0
www.reddit.com/r/TheMakingOfGames,0.0
www.reddit.com/r/all,0.0
www.reddit.com/r/all,0.0
www.reddit.com/r/all,0.0
www.reddit.com/r/all,0.0
www.reddit.com/r/all,0.0
www.reddit.com/r/RoomPorn/comments/48rw0h/comfy_movie_theater_634_x_423,0.0
www.reddit.com/r/all,0.0
www.reddit.com/r/all,0.0
www.reddit.com/r/all,0.0
www.reddit.com/r/all,0.0
www.reddit.com/r/all,0.0
www.reddit.com/r/all,0.0
www.reddit.com/r/all,0.0
www.reddit.com/r/all,0.0
www.reddit.com/r/gaming,0.0
www.reddit.com/r/Advance_Wars,0.0
www.google.be,0.0
uk.businessinsider.com,0.0
uk.businessinsider.com/tech,0.0
uk.businessinsider.com/facebook-is-going-to-pay-a-lot-more-tax-in-the-uk-2016-3,0.0
uk.businessinsider.com/tech,0.0
www.google.be,0.0
www.google.be,0.0
nl.wikipedia.org/wiki/IT_service_management,0.0
weather.com/search,0.0
uk.businessinsider.com,0.0
uk.businessinsider.com/tech,0.0
uk.businessinsider.com/uber-shares-data-on-sexual-assult-complaints-2016-3,0.0
uk.businessinsider.com/tech,0.0
uk.businessinsider.com/seagate-has-fallen-victim-to-the-email-scam-that-tricked-snapchat-2016-3,0.0
uk.businessinsider.com/life,0.0
uk.businessinsider.com/is-it-better-to-wake-up-early-in-business-2016-2,0.0
uk.businessinsider.com/is-it-better-to-wake-up-early-in-business-2016-2,0.0
uk.businessinsider.com/category/10-most-important-things-in-the-world,0.0
uk.businessinsider.com/category/10-most-important-things-in-the-world,0.0
uk.businessinsider.com,0.0
www.conacyt.mx,0.0
www.conacyt.mx/index.php/becas-y-posgrados/becas-en-el-extranjero,0.0
www.conacyt.mx/index.php/avisos-becas-extranjero,0.0
www.google.be,0.0
uk.businessinsider.com,0.0
uk.businessinsider.com/tech,0.0
sporza.be/cm/sporza,0.0
sporza.be/cm/sporza/voetbal/buitenland,0.0
sporza.be/cm/sporza/voetbal/buitenland/Engeland,0.0
sporza.be/cm/sporza/voetbal/buitenland/Engeland,0.0
sporza.be/cm/sporza/matchcenter/mc_voetbal/Engeland_1516,0.0
sporza.be/cm/sporza/matchcenter/mc_voetbal/Engeland_1516,0.0
www.sharelatex.com/project,0.0
www.sharelatex.com/user/settings,0.0
duckduckgo.com,0.0
duckduckgo.com,0.0
www.evernote.com/Settings.action,0.0
encrypted.google.com,0.0
p.cygnus.cc.kuleuven.be/webapps/blackboard/execute,0.0
wiki.associatie.kuleuven.be/aplai,0.0
p.cygnus.cc.kuleuven.be/webapps/blackboard/execute,0.0
p.cygnus.cc.kuleuven.be/webapps/blackboard/content,0.0
wiki.associatie.kuleuven.be/aplai/index.php/ECLiPSe_Exercises,0.0
www.youtube.com/user/rhettandlink2,0.0
waitbutwhy.com,0.0
www.tijd.be,0.0
www.tijd.be/marktenlive,0.0
www.tijd.be/beurzen/euronext-brussel/bel20,0.0
www.standaard.be,0.0
www.standaard.be/nieuws/binnenland,0.0
onderwijsaanbod.kuleuven.be/opleidingen/n,0.0
onderwijsaanbod.kuleuven.be/opleidingen/n/CQ_50268945.htm,0.0
webwsp.aps.kuleuven.be/sap(bD1ubCZjPTIwMA==)/public/bsp/sap/z_mijnuurrstrs,0.0
webwsp.aps.kuleuven.be/sap(bD1ubCZjPTIwMA==)/public/bsp/sap/z_mijnuurrstrs,0.0
toledo.kuleuven.be,0.0
p.cygnus.cc.kuleuven.be/webapps/blackboard/execute,0.0
p.cygnus.cc.kuleuven.be/webapps/blackboard/execute,0.0
toledo.kuleuven.be,0.0
p.cygnus.cc.kuleuven.be/webapps/blackboard/execute,0.0
wiki.associatie.kuleuven.be/aplai,0.0
toledo.kuleuven.be,0.0
p.cygnus.cc.kuleuven.be/webapps/blackboard/execute,0.0
www.ted.com,0.0
www.ted.com/playlists/171/the_most_popular_talks_of_all,0.0
www.ted.com/about/programs-initiatives/ted-prize,0.0
ed.ted.com/get_involved,0.0
toledo.kuleuven.be,0.0
p.cygnus.cc.kuleuven.be/webapps/blackboard/execute,0.0
p.cygnus.cc.kuleuven.be/webapps/blackboard/execute,0.0
p.cygnus.cc.kuleuven.be/webapps/blackboard/content,0.0
www.cosic.esat.kuleuven.be/cns,0.0
toledo.kuleuven.be/portal,0.0
toledo.kuleuven.be,0.0
p.cygnus.cc.kuleuven.be/webapps/blackboard/execute,0.0
p.cygnus.cc.kuleuven.be/webapps/blackboard/content,0.0
p.cygnus.cc.kuleuven.be/webapps/blackboard/content,0.0
p.cygnus.cc.kuleuven.be/webapps/blackboard/content,0.0
toledo.kuleuven.be,0.0
p.cygnus.cc.kuleuven.be/webapps/blackboard/content,0.0
p.cygnus.cc.kuleuven.be/webapps/blackboard/content,0.0
p.cygnus.cc.kuleuven.be/webapps/blackboard/content,0.0
deredactie.be/cm/vrtnieuws,0.0
deredactie.be/cm/vrtnieuws/binnenland,0.0
deredactie.be/cm/vrtnieuws/regio/westvlaanderen,0.0
deredactie.be/cm/vrtnieuws/politiek,0.0
www.hln.be,0.0
waitbutwhy.com,0.0
waitbutwhy.com/wait-but-who,0.0
waitbutwhy.com/archive,0.0
www.google.be,0.0
www.asml.com/asml,0.0
www.reconfirm.eu/nl,0.0
sporza.be/cm/sporza,0.0
sporza.be/cm/sporza/voetbal/buitenland,0.0
sporza.be/cm/sporza/voetbal/buitenland/Engeland,0.0
sporza.be/cm/sporza/matchcenter/mc_voetbal/Engeland_1516/MG_speeldag_30/1.2596816,0.0
onderwijsaanbod.kuleuven.be/opleidingen/n,0.0
onderwijsaanbod.kuleuven.be/opleidingen/n/CQ_50268945.htm,0.0
webwsp.aps.kuleuven.be/sap(bD1ubCZjPTIwMA==)/public/bsp/sap/z_mijnuurrstrs,0.0
weather.com/search,0.0
weather.com/search,0.0
uk.businessinsider.com,0.0
uk.businessinsider.com/tech,0.0
summerofcode.withgoogle.com,0.0
summerofcode.withgoogle.com,0.0
docs.cltk.org/en/latest,0.0
docs.cltk.org/en/latest,0.0
docs.cltk.org/en/latest/pali.html,0.0
docs.cltk.org/en/latest/tibetan.html,0.0
docs.cltk.org/en/latest/pali.html,0.0
docs.cltk.org/en/latest,0.0
toledo.kuleuven.be,0.0
p.cygnus.cc.kuleuven.be/webapps/blackboard/execute,0.0
p.cygnus.cc.kuleuven.be/webapps/blackboard/content,0.0
p.cygnus.cc.kuleuven.be/webapps/blackboard/execute/course/tools,0.0
p.cygnus.cc.kuleuven.be/webapps/blackboard/execute/staffinfo,0.0
p.cygnus.cc.kuleuven.be/webapps/blackboard/execute,0.0
twitter.com,0.0
besiktasarena.com,0.0
besiktasarena.com/index.php,0.0
besiktasarena.com/vodafone-arena-stadyum-projesi,0.0
besiktasarena.com/vodafone-arena-stadyum-projesi/vodafone-arena-stadyum-projesi-8-(seref-bey-stadyum-projesi)/5550,0.0
besiktasarena.com/vodafone-arena-stadyum-projesi/vodafone-arena-stadyum-projesi-8-(seref-bey-stadyum-projesi)/5550,0.0
www.reddit.com/r/turkey,0.0
www.reddit.com/r/Turkey/comments/4amlmx/british_academic_detained_by_istanbul_police_over,0.0
www.reddit.com/r/Turkey,0.0
www.ligtv.com.tr,0.0
www.ligtv.com.tr/fotogaleri/besiktas-seneye-de-favori,0.0
www.ligtv.com.tr,0.0
www.ligtv.com.tr/fotogaleri/zirvede-kalan-maclar,0.0
www.ligtv.com.tr,0.0
waitbutwhy.com,0.0
waitbutwhy.com/wait-but-who,0.0
waitbutwhy.com/archive,0.0
www.facebook.com,0.0
www.google.be,0.0
www.freepik.com/free-photos-vectors/invitation,0.0
www.freepik.com,0.0
www.freepik.com,0.0
www.freepik.com,0.0
www.freepik.com,0.0
www.freepik.com/free-vector/brown-elegant-invitation-card_842687.htm,0.0
www.freepik.com,0.0
www.freepik.com,0.0
www.freepik.com/free-vector/vintage-invitation-card_841974.htm,0.0
www.bestpsdfreebies.com/freebies,0.0
www.bestpsdfreebies.com/freebie/modern-infographics-vector-pack,0.0
www.bestpsdfreebies.com/freebies,0.0
www.bestpsdfreebies.com/freebies,0.0
www.hln.be,0.0
www.hln.be/hln/nl/923/Sport/index.dhtml,0.0
www.google.com,0.0
www.google.com,0.0
www.hln.be/hln/nl/9090/Voetbal/index.dhtml,0.0
freepsdflyer.com,0.0
freepsdflyer.com/page/2,0.0
freepsdflyer.com/page/3,0.0
freepsdflyer.com/page/4,0.0
freepsdflyer.com/page/5,0.0
sporza.be/cm/sporza,0.0
sporza.be/cm/sporza/voetbal,0.0
freepsdflyer.com/page/6,0.0
sporza.be/cm/sporza/voetbal/Jupiler_Pro_League,0.0
freepsdflyer.com/free-barbecue-flyer,0.0
www.kuleuven.be/kuleuven,0.0
www.kuleuven.be/toekomstigestudenten/info-per-campus.php,0.0
onderwijsaanbod.kuleuven.be/opleidingen/n,0.0
onderwijsaanbod.kuleuven.be/opleidingen/n/CQ_50268901.htm,0.0
freepsdfiles.net/print-templates/free-psd-flyer-template,0.0
freepsdfiles.net/backgrounds,0.0
freepsdfiles.net/backgrounds/free-psd-retro-backgrounds,0.0
www.hln.be,0.0
www.hln.be/hln/nl/923/Sport/index.dhtml,0.0
sporza.be/cm/sporza/voetbal,0.0
sporza.be/cm/sporza/voetbal/Jupiler_Pro_League,0.0
www.google.com,0.0
www.google.com,0.0
deredactie.be/cm/vrtnieuws,0.0
9gag.com,0.0
www.kuleuven.be/kuleuven,0.0
www.kuleuven.be/toekomstigestudenten/info-per-campus.php,0.0
onderwijsaanbod.kuleuven.be/opleidingen/n,0.0
onderwijsaanbod.kuleuven.be/opleidingen/n/CQ_50268901.htm,0.0
www.dafont.com,0.0
www.dafont.com,0.0
www.dafont.com,0.0
www.google.com,0.0
www.google.com,0.0
www.google.com,0.0
www.google.com,0.0
www.google.com,0.0
www.google.com,0.0
www.google.com,0.0
www.google.com,0.0
www.youtube.com,0.0
www.google.com,0.0
www.google.com,0.0
www.haberturk.com,0.0
eksisozluk.com,0.0
eksisozluk.com,0.0
www.haberturk.com,0.0
www.dafont.com,0.0
www.dafont.com,0.0
freepsdfiles.net,0.0
summerofcode.withgoogle.com,0.0
github.com/cltk/cltk/wiki/Project-ideas,0.0
github.com/cltk/cltk/wiki/Project-ideas,0.0
github.com/cltk/cltk/wiki,0.0
github.com/cltk,0.0
github.com/cltk/sanskrit_text_jnu_tagged,0.0
toledo.kuleuven.be,0.0
github.com,0.0
toledo.kuleuven.be,0.0
toledo.kuleuven.be,0.0
p.cygnus.cc.kuleuven.be/webapps/blackboard/execute,0.0
p.cygnus.cc.kuleuven.be/webapps/blackboard/content,0.0
p.cygnus.cc.kuleuven.be/webapps/blackboard/content,0.0
p.cygnus.cc.kuleuven.be/webapps/blackboard/execute,0.0
p.cygnus.cc.kuleuven.be/webapps/blackboard/content,0.0
p.cygnus.cc.kuleuven.be/webapps/blackboard/content,0.0
waitbutwhy.com,0.0
waitbutwhy.com/archive,0.0
waitbutwhy.com/2014/02/pick-life-partner.html,0.0
owa.student.kuleuven.be/owa,0.0
p.cygnus.cc.kuleuven.be/webapps/blackboard/execute,0.0
toledo.kuleuven.be/portal,0.0
www.google.be,0.0
www.cedarpoint.com,0.0
www.cedarpoint.com/online-fun,0.0
www.cedarpoint.com/online-fun/live-video-cam,0.0
www.cedarpoint.com,0.0
www.cedarpoint.com/online-fun,0.0
www.radio1.be,0.0
www.radio1.be/programmas/overzicht,0.0
www.radio1.be,0.0
www.radio1.be/programmas/overzicht,0.0
www.nationale-loterij.be/nl,0.0
www.nationale-loterij.be/nl/onze-spelen,0.0
www.nationale-loterij.be/nl,0.0
www.nationale-loterij.be/nl/onze-spelen,0.0
sporza.be/cm/sporza,0.0
sporza.be/cm/sporza/tennis,0.0
sporza.be/cm/sporza,0.0
sporza.be/cm/sporza/tennis,0.0
sporza.be/cm/sporza,0.0
sporza.be/cm/sporza/tennis,0.0
www.hbvl.be,0.0
www.hbvl.be/tot-uw-dienst/ik-ben-abonnee,0.0
www.hbvl.be,0.0
www.hbvl.be,0.0
www.hbvl.be/tot-uw-dienst/ik-ben-abonnee,0.0
tweakers.net,0.0
tweakers.net/pricewatch,0.0
tweakers.net,0.0
tweakers.net/pricewatch,0.0
tweakers.net/categorie/496/laptops/producten,0.0
tweakers.net/pricewatch,0.0
toledo.kuleuven.be,0.0
p.cygnus.cc.kuleuven.be/webapps/blackboard/execute,0.0
www.cedarpoint.com,0.0
www.cedarpoint.com/online-fun,0.0
www.cedarpoint.com/online-fun/live-video-cam,0.0
www.cedarpoint.com,0.0
www.cedarpoint.com/online-fun,0.0
www.cedarpoint.com,0.0
www.cedarpoint.com/online-fun,0.0
www.radio1.be,0.0
www.radio1.be/programmas/overzicht,0.0
www.nationale-loterij.be/nl,0.0
www.nationale-loterij.be/nl/onze-spelen,0.0
sporza.be/cm/sporza,0.0
sporza.be/cm/sporza/tennis,0.0
www.hbvl.be,0.0
www.hbvl.be/tot-uw-dienst/ik-ben-abonnee,0.0
twitter.com,0.0
tweakers.net,0.0
tweakers.net/pricewatch,0.0
www.cedarpoint.com,0.0
www.cedarpoint.com/online-fun,0.0
www.nationale-loterij.be/nl,0.0
www.nationale-loterij.be/nl/onze-spelen,0.0
www.instagram.com/kuleuven,0.0
www.apple.com,0.0
www.apple.com/iphone,0.0
www.apple.com,0.0
www.apple.com/iphone,0.0
www.google.be,0.0
www.google.be/intl/en/about,0.0
www.google.be,0.0
toledo.kuleuven.be,0.0
p.cygnus.cc.kuleuven.be/webapps/blackboard/execute,0.0
p.cygnus.cc.kuleuven.be/webapps/blackboard/content,0.0
p.cygnus.cc.kuleuven.be/webapps/blackboard/content,0.0
p.cygnus.cc.kuleuven.be/webapps/blackboard/content,0.0
www.cedarpoint.com,0.0
www.cedarpoint.com/online-fun,0.0
sporza.be/cm/sporza,0.0
sporza.be/cm/sporza/tennis,0.0
www.hbvl.be,0.0
www.hbvl.be/tot-uw-dienst/ik-ben-abonnee,0.0
www.radio1.be,0.0
www.radio1.be/programmas/overzicht,0.0
www.nationale-loterij.be/nl,0.0
www.nationale-loterij.be/nl/onze-spelen,0.0
www.cedarpoint.com,0.0
www.cedarpoint.com/online-fun,0.0
www.bol.com/nl/index.html,0.0
www.bol.com/nl/boeken/nederlandse-boeken/index.html,0.0
www.bol.com/nl/index.html,0.0
www.bol.com/nl/boeken/nederlandse-boeken/index.html,0.0
www.youtube.com,0.0
www.youtube.com/yt/dev,0.0
www.youtube.com,0.0
www.youtube.com/yt/dev,0.0
www.kapaza.be,0.0
www.kapaza.be/nl/auto,0.0
www.kapaza.be,0.0
www.kapaza.be/nl/auto,0.0
summerofcode.withgoogle.com/get-started,0.0
summerofcode.withgoogle.com/student-signup,0.0
www.google.be,0.0
groups.google.com/forum,0.0
summerofcode.withgoogle.com/student-signup/tos,0.0
summerofcode.withgoogle.com,0.0
summerofcode.withgoogle.com,0.0
www.radio1.be,0.0
www.radio1.be/programmas/overzicht,0.0
www.nationale-loterij.be/nl,0.0
www.nationale-loterij.be/nl/onze-spelen,0.0
sporza.be/cm/sporza,0.0
sporza.be/cm/sporza/tennis,0.0
www.apple.com,0.0
www.apple.com/iphone,0.0
tweakers.net,0.0
tweakers.net/pricewatch,0.0
www.hbvl.be,0.0
www.hbvl.be/tot-uw-dienst/ik-ben-abonnee,0.0
www.google.be,0.0
www.instagram.com/kuleuven,0.0
www.nationale-loterij.be/nl,0.0
www.nationale-loterij.be/nl/onze-spelen,0.0
www.apple.com,0.0
www.apple.com/iphone,0.0
www.apple.com,0.0
www.apple.com/iphone,0.0
sporza.be/cm/sporza,0.0
sporza.be/cm/sporza/tennis,0.0
www.radio1.be,0.0
www.radio1.be/programmas/overzicht,0.0
www.bol.com/nl/index.html,0.0
www.bol.com/nl/boeken/nederlandse-boeken/index.html,0.0
www.bol.com/nl/index.html,0.0
www.bol.com/nl/boeken/nederlandse-boeken/index.html,0.0
www.youtube.com,0.0
www.youtube.com/yt/dev,0.0
www.youtube.com,0.0
www.youtube.com/yt/dev,0.0
www.radio1.be,0.0
www.radio1.be/programmas/overzicht,0.0
www.nationale-loterij.be/nl,0.0
www.nationale-loterij.be/nl/onze-spelen,0.0
sporza.be/cm/sporza,0.0
sporza.be/cm/sporza/tennis,0.0
www.hbvl.be,0.0
www.hbvl.be/tot-uw-dienst/ik-ben-abonnee,0.0
tweakers.net,0.0
tweakers.net/pricewatch,0.0
www.instagram.com/kuleuven,0.0
www.apple.com,0.0
www.apple.com/iphone,0.0
www.google.be,0.0
www.bol.com/nl/index.html,0.0
www.bol.com/nl/boeken/nederlandse-boeken/index.html,0.0
www.kapaza.be,0.0
www.kapaza.be/nl/auto,0.0
www.kapaza.be,0.0
www.kapaza.be/nl/auto,0.0
github.com/cltk/cltk/wiki/Project-ideas,0.0
p.cygnus.cc.kuleuven.be/webapps/blackboard/content,0.0
www.youtube.com/user/rhettandlink2,0.0
www.tijd.be,0.0
www.tijd.be/marktenlive,0.0
www.tijd.be/beurzen/euronext-brussel/bel20,0.0
www.tijd.be/politiek_en_economie/europa,0.0
www.standaard.be,0.0
www.standaard.be/nieuws/binnenland,0.0
www.standaard.be/cnt/dmf20160325_02203316,0.0
www.standaard.be/nieuws/binnenland,0.0
www.standaard.be/cnt/dmf20160325_02203289,0.0
www.standaard.be/nieuws/buitenland,0.0
www.standaard.be/cnt/dmf20160324_02200819,0.0
www.standaard.be/nieuws/buitenland,0.0
toledo.kuleuven.be,0.0
p.cygnus.cc.kuleuven.be/webapps/blackboard/execute,0.0
p.cygnus.cc.kuleuven.be/webapps/blackboard/content,0.0
p.cygnus.cc.kuleuven.be/webapps/blackboard/execute,0.0
p.cygnus.cc.kuleuven.be/webapps/blackboard/content,0.0
www.google.be,0.0
www.google.be/intl/en/about,0.0
www.google.be,0.0
tweakers.net,0.0
tweakers.net/pricewatch,0.0
tweakers.net,0.0
tweakers.net/pricewatch,0.0
www.hbvl.be,0.0
www.hbvl.be/tot-uw-dienst/ik-ben-abonnee,0.0
www.youtube.com,0.0
www.youtube.com/yt/dev,0.0
www.youtube.com,0.0
www.youtube.com/yt/dev,0.0
sporza.be/cm/sporza,0.0
www.apple.com,0.0
www.apple.com/iphone,0.0
www.kapaza.be,0.0
www.kapaza.be/nl/auto,0.0
www.youtube.com,0.0
www.youtube.com/yt/dev,0.0
www.apple.com,0.0
www.apple.com/mac,0.0
www.apple.com/macbook,0.0
www.apple.com/be/shop/buy-mac/macbook,0.0
www.apple.com/mac,0.0
www.apple.com/macbook,0.0
www.apple.com/be,0.0
www.apple.com/benl,0.0
www.apple.com/benl/mac,0.0
www.apple.com/benl/macbook,0.0
www.google.be,0.0
toledo.kuleuven.be,0.0
p.cygnus.cc.kuleuven.be/webapps/blackboard/execute,0.0
www.meteo.be,0.0
www.meteo.be/meteo/view/nl/65239-Home.html,0.0
www.meteo.be/meteo/view/nl/65239-Home.html,0.0
toledo.kuleuven.be,0.0
p.cygnus.cc.kuleuven.be/webapps/blackboard/execute,0.0
wiki.associatie.kuleuven.be/aplai,0.0
deredactie.be/cm/vrtnieuws,0.0
toledo.kuleuven.be,0.0
p.cygnus.cc.kuleuven.be/webapps/blackboard/execute,0.0
deredactie.be/cm/vrtnieuws,0.0
deredactie.be/cm/vrtnieuws,0.0
toledo.kuleuven.be,0.0
p.cygnus.cc.kuleuven.be/webapps/blackboard/execute,0.0
p.cygnus.cc.kuleuven.be/webapps/blackboard/content,0.0
p.cygnus.cc.kuleuven.be/webapps/blackboard/content,0.0
sporza.be/cm/sporza,0.0
sporza.be/cm/sporza/voetbal/buitenland,0.0
sporza.be/cm/sporza/voetbal/buitenland/Engeland,0.0
www.kuleuven.be/kuleuven,0.0
onderwijsaanbod.kuleuven.be/opleidingen/n,0.0
onderwijsaanbod.kuleuven.be/opleidingen/n/CQ_50268945.htm,0.0
webwsp.aps.kuleuven.be/sap(bD1ubCZjPTIwMA==)/public/bsp/sap/z_mijnuurrstrs,0.0
www.google.com,0.0
www.standaard.be,0.0
sporza.be/cm/sporza,0.0
toledo.kuleuven.be,0.0
www.standaard.be,0.0
www.standaard.be/cnt/dmf20160321_02195986,0.0
www.standaard.be,0.0
sporza.be/cm/sporza,0.0
www.standaard.be,0.0
www.facebook.com,0.0
www.facebook.com/messages/754932969,0.0
deredactie.be/cm/vrtnieuws,0.0
toledo.kuleuven.be,0.0
www.knack.be/nieuws,0.0
www.knack.be/nieuws,0.0
www.knack.be/nieuws,0.0
sporza.be/cm/sporza,0.0
www.knack.be/nieuws,0.0
deredactie.be/cm/vrtnieuws,0.0
sporza.be/cm/sporza,0.0
deredactie.be/cm/vrtnieuws,0.0
www.standaard.be,0.0
deredactie.be/cm/vrtnieuws,0.0
www.standaard.be,0.0
www.standaard.be/cnt/dmf20160322_02196260,0.0
deredactie.be/cm/vrtnieuws,0.0
deredactie.be/cm/vrtnieuws/2.43497/1.2608073,0.0
sporza.be/cm/sporza,0.0
www.knack.be/nieuws,0.0
toledo.kuleuven.be,0.0
toledo.kuleuven.be,0.0
deredactie.be/cm/vrtnieuws,0.0
www.google.com,0.0
www.google.com,0.0
www.google.com,0.0
en.wikipedia.org/wiki/More_cowbell,0.0
www.voetbalprimeur.be,0.0
www.knack.be/nieuws,0.0
www.knack.be/nieuws,0.0
www.knack.be/nieuws/belgie/video-s-explosies-zaventem-evacuatie-en-moment-van-explosie/article-normal-681449.html,0.0
www.standaard.be,0.0
deredactie.be/cm/vrtnieuws,0.0
www.foxnews.com,0.0
www.youtube.com,0.0
www.google.com,0.0
www.facebook.com/safetycheck/brusselsexplosions-march2016,0.0
www.facebook.com/safetycheck/brusselsexplosions-march2016,0.0
www.standaard.be,0.0
deredactie.be/cm/vrtnieuws,0.0
www.politico.com,0.0
deredactie.be/cm/vrtnieuws,0.0
sporza.be/cm/sporza,0.0
toledo.kuleuven.be,0.0
sporza.be/cm/sporza,0.0
sporza.be/cm/sporza,0.0
deredactie.be/cm/vrtnieuws,0.0
toledo.kuleuven.be,0.0
toledo.kuleuven.be,0.0
toledo.kuleuven.be/portal,0.0
www.technobuffalo.com,0.0
www.technobuffalo.com,0.0
www.technobuffalo.com,0.0
www.technobuffalo.com/page/2,0.0
9gag.com,0.0
github.com/cltk/cltk/wiki/Project-ideas,0.0
github.com/nrnb/GoogleSummerOfCode/issues,0.0
github.com/nrnb/GoogleSummerOfCode/issues/57,0.0
www.google.com,0.0
www.technobuffalo.com,0.0
9gag.com,0.0
9gag.com,0.0
www.reddit.com,0.0
onderwijsaanbod.kuleuven.be/opleidingen/n,0.0
sporza.be/cm/sporza/matchcenter/mc_wielrennen/Comp_Ronde_van_Catalonie_2016/1.2600627,0.0
sporza.be/cm/sporza,0.0
sporza.be/cm/sporza/voetbal/Jupiler_Pro_League,0.0
www.premierleague.com/en-gb.html,0.0
www.premierleague.com/en-gb/matchday/league-table.html,0.0
www.premierleague.com/en-gb/matchday,0.0
www.quora.com/What-is-the-difference-between-Jupyter-and-IPython-Notebook,0.0
www.quora.com/Python-programming-language-1/What-is-the-difference-between-IPython-notebook-and-IDLE,0.0
www.reddit.com,0.0
sporza.be/cm/sporza,0.0
sporza.be/cm/sporza/voetbal/Jupiler_Pro_League,0.0
sporza.be/cm/sporza/voetbal/Jupiler_Pro_League/2.5199,0.0
www.premierleague.com/en-gb.html,0.0
www.premierleague.com/en-gb/matchday,0.0
onderwijsaanbod.kuleuven.be/opleidingen/n,0.0
onderwijsaanbod.kuleuven.be/opleidingen/n/CQ_50268945.htm,0.0
www.facebook.com,0.0
people.cs.kuleuven.be/~bart.demoen,0.0
deredactie.be/cm/vrtnieuws,0.0
www.kuleuven.be/kuleuven/crisis,0.0
www.kuleuven.be/studenten,0.0
eng.kuleuven.be/studenten,0.0
eng.kuleuven.be/studenten/masterproef/masterproef/index.html,0.0
eng.kuleuven.be/studenten/masterproef/masterproef/masterproef,0.0
eng.kuleuven.be/studenten/masterproef,0.0
eng.kuleuven.be/studenten/masterproef/masterproef/deadlines,0.0
eng.kuleuven.be/studenten/masterproef,0.0
people.cs.kuleuven.be/~bart.demoen,0.0
people.cs.kuleuven.be/~bart.demoen/FCW,0.0
people.cs.kuleuven.be/~bart.demoen,0.0
people.cs.kuleuven.be/~bart.demoen/FCW,0.0
people.cs.kuleuven.be/~bart.demoen,0.0
www.vier.be,0.0
www.vier.be/programmas,0.0
www.vier.be/demol/programmas/de-mol,0.0
www.vier.be/volledige-afleveringen/964036,0.0
deredactie.be/cm/vrtnieuws,0.0
www.kuleuven.be/kuleuven/crisis,0.0
www.kuleuven.be/studenten,0.0
eng.kuleuven.be/studenten,0.0
eng.kuleuven.be/studenten/masterproef/masterproef/index.html,0.0
eng.kuleuven.be/studenten/masterproef/masterproef/masterproef,0.0
eng.kuleuven.be/studenten/masterproef,0.0
eng.kuleuven.be/studenten/masterproef/masterproef/deadlines,0.0
eng.kuleuven.be/studenten/masterproef,0.0
deredactie.be/cm/vrtnieuws,0.0
toledo.kuleuven.be,0.0
deredactie.be/cm/vrtnieuws/weer,0.0
deredactie.be/cm/vrtnieuws,0.0
p.cygnus.cc.kuleuven.be/webapps/blackboard/execute,0.0
p.cygnus.cc.kuleuven.be/webapps/blackboard/content,0.0
p.cygnus.cc.kuleuven.be/webapps/blackboard/content,0.0
p.cygnus.cc.kuleuven.be/webapps/blackboard/content,0.0
www.vier.be,0.0
www.vier.be/programmas,0.0
www.vier.be/demol/programmas/de-mol,0.0
p.cygnus.cc.kuleuven.be/webapps/blackboard/content,0.0
www.vier.be/volledige-afleveringen/964036,0.0
p.cygnus.cc.kuleuven.be/webapps/blackboard/content,0.0
p.cygnus.cc.kuleuven.be/webapps/blackboard/content,0.0
people.cs.kuleuven.be/~bart.demoen,0.0
people.cs.kuleuven.be/~bart.demoen/FCW,0.0
p.cygnus.cc.kuleuven.be/webapps/blackboard/execute,0.0
p.cygnus.cc.kuleuven.be/webapps/blackboard/content,0.0
www.twitch.tv,0.0
www.twitch.tv,0.0
toledo.kuleuven.be,0.0
deredactie.be/cm/vrtnieuws/Livecenter,0.0
deredactie.be/cm/vrtnieuws,0.0
webwsp.aps.kuleuven.be/sap(bD1ubCZjPTIwMA==)/public/bsp/sap/z_mijnuurrstrs,0.0
deredactie.be/cm/vrtnieuws,0.0
www.facebook.com/groups/475396119246107,0.0
p.cygnus.cc.kuleuven.be/webapps/blackboard/execute,0.0
p.cygnus.cc.kuleuven.be/webapps/blackboard/content,0.0
people.cs.kuleuven.be/~bart.demoen,0.0
people.cs.kuleuven.be/~bart.demoen,0.0
deredactie.be/cm/vrtnieuws/Livecenter,0.0
deredactie.be/cm/vrtnieuws,0.0
www.linkedin.com/nhome,0.0
deredactie.be/cm/vrtnieuws,0.0
deredactie.be/cm/vrtnieuws,0.0
www.linkedin.com/wvmx,0.0
www.linkedin.com/wvmx/profile,0.0
www.vier.be,0.0
www.vier.be/programmas,0.0
www.vier.be/demol/programmas/de-mol,0.0
www.vier.be/volledige-afleveringen/964036,0.0
www.twitch.tv,0.0
www.ibood.com,0.0
www.1dayfly.com,0.0
www.1dayfly.com/be/nl,0.0
deredactie.be/cm/vrtnieuws/regio/brussel/1.2608728,0.0
deredactie.be/cm/vrtnieuws,0.0
p.cygnus.cc.kuleuven.be/webapps/blackboard/content,0.0
p.cygnus.cc.kuleuven.be/webapps/blackboard/execute,0.0
p.cygnus.cc.kuleuven.be/webapps/blackboard/content,0.0
www.cosic.esat.kuleuven.be/cns,0.0
www.cosic.esat.kuleuven.be/cns,0.0
people.cs.kuleuven.be/~bart.demoen,0.0
people.cs.kuleuven.be/~bart.demoen/FCW,0.0
people.cs.kuleuven.be/~bart.demoen/FCW,0.0
toledo.kuleuven.be,0.0
people.cs.kuleuven.be/~bart.demoen/FCW,0.0
p.cygnus.cc.kuleuven.be/webapps/blackboard/execute,0.0
p.cygnus.cc.kuleuven.be/webapps/blackboard/content,0.0
www.twitch.tv,0.0
www.twitch.tv/directory/game/Hearthstone%3A%20Heroes%20of%20Warcraft,0.0
www.twitch.tv,0.0
labsblog.f-secure.com,0.0
www.google.be,0.0
putlocker.is/watch-the-man-in-the-high-castle-tvshow-online-free-putlocker.html,0.0
www.vier.be,0.0
www.vier.be/programmas,0.0
www.vier.be/demol/programmas/de-mol,0.0
www.vier.be/volledige-afleveringen/964036,0.0
www.google.be,0.0
cygnus.cc.kuleuven.be/webapps/portal/execute/tabs,0.0
cygnus.cc.kuleuven.be/webapps/blackboard/execute,0.0
cygnus.cc.kuleuven.be/webapps/blackboard/execute/course/tools,0.0
cygnus.cc.kuleuven.be/webapps/discussionboard/do,0.0
cygnus.cc.kuleuven.be/webapps/portal/execute/tabs,0.0
cygnus.cc.kuleuven.be/webapps/blackboard/execute,0.0
cygnus.cc.kuleuven.be/webapps/blackboard/content,0.0
cygnus.cc.kuleuven.be/webapps/blackboard/execute/course/tools,0.0
cygnus.cc.kuleuven.be/webapps/discussionboard/do,0.0
cygnus.cc.kuleuven.be/webapps/discussionboard/do,0.0
cygnus.cc.kuleuven.be/webapps/discussionboard/do,0.0
www.kuleuven.be/kuleuven,0.0
www.kuleuven.be/studenten,0.0
wet.kuleuven.be/studenten/index.html,0.0
wet.kuleuven.be/schoolverlater/index.html,0.0
toledo.kuleuven.be,0.0
p.cygnus.cc.kuleuven.be/webapps/blackboard/execute,0.0
cygnus.cc.kuleuven.be/webapps/discussionboard/do,0.0
www.vier.be,0.0
www.vier.be/programmas,0.0
www.vier.be/demol/programmas/de-mol,0.0
www.vier.be/volledige-afleveringen/964036,0.0
people.cs.kuleuven.be/~bart.demoen,0.0
people.cs.kuleuven.be/~bart.demoen/FCW,0.0
people.cs.kuleuven.be/~bart.demoen/FCW,0.0
people.cs.kuleuven.be/~bart.demoen/FCW,0.0
deredactie.be/cm/vrtnieuws,0.0
www.twitch.tv,0.0
www.vier.be,0.0
www.vier.be,0.0
www.vier.be/programmas,0.0
www.vier.be/theskyisthelimit/programmas/sky-limit,0.0
www.vier.be/volledige-afleveringen/105073,0.0
www.vier.be/theskyisthelimit/programmas/sky-limit,0.0
www.vier.be/programmas,0.0
www.vier.be/demol/programmas/de-mol,0.0
www.vier.be/volledige-afleveringen/964036,0.0
www.vier.be/demol/programmas/de-mol,0.0
www.sciencedirect.com/science/article/pii/S0888613X02000841,0.0
academic.research.microsoft.com,0.0
ieeexplore.ieee.org/xpls,0.0
sporza.be/cm/sporza,0.0
sporza.be/cm/sporza/voetbal/buitenland,0.0
www.kuleuven.be/kuleuven/crisis,0.0
onderwijsaanbod.kuleuven.be/opleidingen/n,0.0
onderwijsaanbod.kuleuven.be/opleidingen/n/CQ_50268945.htm,0.0
store.steampowered.com,0.0
store.steampowered.com,0.0
steamcommunity.com,0.0
steamcommunity.com/market,0.0
steamcommunity.com/market,0.0
sporza.be/cm/sporza,0.0
sporza.be/cm/sporza/atletiek,0.0
toledo.kuleuven.be,0.0
toledo.kuleuven.be/studenten,0.0
www.kuleuven.be/kuleuven/crisis,0.0
www.kuleuven.be/studenten,0.0
eng.kuleuven.be/studenten,0.0
www.hln.be,0.0
www.hln.be/hln/nl/961/Wetenschap/index.dhtml,0.0
www.hln.be/hln/nl/961/Wetenschap/2324/Global-Warming/actua/index.dhtml,0.0
southpark.cc.com,0.0
southpark.cc.com/full-episodes,0.0
www.kuleuven.be/kuleuven/crisis,0.0
www.kuleuven.be/studenten,0.0
eng.kuleuven.be/studenten,0.0
www.hln.be,0.0
www.hln.be/hln/nl/961/Wetenschap/index.dhtml,0.0
www.kuleuven.be/kuleuven/crisis,0.0
www.kuleuven.be/studenten,0.0
eng.kuleuven.be/studenten,0.0
www.hln.be,0.0
sporza.be/cm/sporza,0.0
sporza.be/cm/sporza/atletiek,0.0
southpark.cc.com,0.0
southpark.cc.com/full-episodes,0.0
www.kuleuven.be/kuleuven/crisis,0.0
www.kuleuven.be/studenten,0.0
eng.kuleuven.be/studenten,0.0
eng.kuleuven.be/studenten/examens-evaluatie-diploma-1/index,0.0
sporza.be/cm/sporza,0.0
sporza.be/cm/sporza/atletiek,0.0
www.hln.be,0.0
www.hln.be/hln/nl/961/Wetenschap/index.dhtml,0.0
www.kuleuven.be/kuleuven/crisis,0.0
www.kuleuven.be/studenten,0.0
eng.kuleuven.be/studenten,0.0
southpark.cc.com,0.0
southpark.cc.com/full-episodes,0.0
www.kuleuven.be/kuleuven/crisis,0.0
www.kuleuven.be/studenten,0.0
eng.kuleuven.be/studenten,0.0
eng.kuleuven.be/studenten/examens-evaluatie-diploma-1/index,0.0
sporza.be/cm/sporza,0.0
sporza.be/cm/sporza/atletiek,0.0
toledo.kuleuven.be,0.0
p.cygnus.cc.kuleuven.be/webapps/blackboard/execute,0.0
p.cygnus.cc.kuleuven.be/webapps/blackboard/content,0.0
p.cygnus.cc.kuleuven.be/webapps/blackboard/content,0.0
p.cygnus.cc.kuleuven.be/webapps/blackboard/execute,0.0
p.cygnus.cc.kuleuven.be/webapps/blackboard/execute,0.0
p.cygnus.cc.kuleuven.be/webapps/blackboard/content,0.0
p.cygnus.cc.kuleuven.be/webapps/blackboard/execute,0.0
p.cygnus.cc.kuleuven.be/webapps/blackboard/content,0.0
p.cygnus.cc.kuleuven.be/webapps/blackboard/execute,0.0
yandex.ru,0.0
citeseerx.ist.psu.edu/viewdoc,0.0
godville.net/news,0.0
www.google.be,0.0
www.visitoostende.be/en,0.0
www.visitoostende.be/en/spend-night-monument,0.0
www.google.be,0.0
oostende.org/en,0.0
oostende.org/en/cat/sights,0.0
oostende.org/en/sight/1313/fort-napoleon.html,0.0
oostende.org/en/west-flanders.php,0.0
oostende.org/en/beaches.php,0.0
www.nieuwsblad.be,0.0
www.nieuwsblad.be/cnt/dmf20160323_02198147,0.0
www.nieuwsblad.be/sportwereld,0.0
www.nieuwsblad.be/cnt/dmf20160322_02196788,0.0
www.nieuwsblad.be/regio/startgemeente,0.0
www.nieuwsblad.be/regio/leuven,0.0
www.nieuwsblad.be/regio/leuven,0.0
www.nieuwsblad.be/regio/leuven,0.0
www.nieuwsblad.be/regio/startgemeente,0.0
www.9lives.be,0.0
www.9lives.be/forum,0.0
www.9lives.be/forum/werk-studie,0.0
www.9lives.be/forum/werk-studie/966156-attn-studenten-steun-en-klaagthread-v3-deel-26-a-161.html,0.0
www.9lives.be/forum,0.0
www.cinemablend.com,0.0
www.cinemablend.com/reviews/Batman-V-Superman-Dawn-Justice-69647.html,0.0
www.cinemablend.com/reviews,0.0
www.cinemablend.com/reviews,0.0
www.cinemablend.com/reviews,0.0
www.cinemablend.com/reviews/Gods-Egypt-69427.html,0.0
www.cinemablend.com/superheroes,0.0
www.cinemablend.com/television/12-Great-Marvel-Easter-Eggs-Daredevil-Season-2-126387.html,0.0
www.cinemablend.com/television/12-Great-Marvel-Easter-Eggs-Daredevil-Season-2-126387-p2.html,0.0
www.cinemablend.com/superheroes,0.0
www.cinemablend.com/television/How-Last-Night-Big-Reveal-Could-Affect-Supergirl-Moving-Forward-126277.html,0.0
www.cinemablend.com/superheroes,0.0
www.cinemablend.com/games,0.0
www.cinemablend.com/games/Hitman-Dev-Asks-Players-Which-Gary-They-Rather-Kill-Promo-Video-126417.html,0.0
www.cinemablend.com/games,0.0
www.cinemablend.com,0.0
www.cinemablend.com,0.0
www.cinemablend.com/games/Her-Story-Takes-Grand-Prize-Independent-Games-Festival-Awards-125467.html,0.0
stackoverflow.com,0.0
stackoverflow.com/jobs,0.0
www.standaard.be,0.0
www.standaard.be/cnt/dmf20160322_02197048,0.0
www.standaard.be,0.0
www.standaard.be/nieuws/sport,0.0
www.meteo.be,0.0
www.meteo.be/meteo/view/nl/65239-Home.html,0.0
www.meteo.be/meteo/view/nl,0.0
www.hln.be,0.0
www.nieuwsblad.be,0.0
www.nieuwsblad.be/regio/startgemeente,0.0
www.nieuwsblad.be/regio/knokke-heist,0.0
www.nieuwsblad.be/sportwereld,0.0
deredactie.be/cm/vrtnieuws,0.0
deredactie.be/cm/vrtnieuws/regio/westvlaanderen,0.0
deredactie.be/cm/vrtnieuws/binnenland,0.0
www.kuleuven.be/kuleuven,0.0
www.kuleuven.be/studeren,0.0
eng.kuleuven.be/studenten,0.0
eng.kuleuven.be/studenten/examens-evaluatie-diploma-1/index,0.0
www.hln.be,0.0
www.hln.be/hln/nl/923/Sport/index.dhtml,0.0
www.hln.be/hln/nl/9090/Voetbal/index.dhtml,0.0
www.kuleuven.be/kuleuven,0.0
www.kuleuven.be/studenten,0.0
wet.kuleuven.be/studenten/index.html,0.0
onderwijsaanbod.kuleuven.be/opleidingen/n,0.0
onderwijsaanbod.kuleuven.be/opleidingen/n/CQ_50268901.htm,0.0
onderwijsaanbod.kuleuven.be/opleidingen/n/SC_51016775.htm,0.0
onderwijsaanbod.kuleuven.be/opleidingen/n/CQ_50268901.htm,0.0
www.standaard.be,0.0
sporza.be/cm/sporza,0.0
www.standaard.be/nieuws/sport,0.0
sporza.be/cm/sporza/voetbal,0.0
www.kuleuven.be/kuleuven,0.0
www.kuleuven.be/studenten,0.0
wet.kuleuven.be/studenten/index.html,0.0
onderwijsaanbod.kuleuven.be/opleidingen/n,0.0
onderwijsaanbod.kuleuven.be/opleidingen/n/CQ_50268901.htm,0.0
www.standaard.be,0.0
www.standaard.be/nieuws/sport,0.0
www.hln.be,0.0
9gag.com,0.0
www.hln.be,0.0
www.kuleuven.be/studeren,0.0
eng.kuleuven.be/studenten,0.0
www.kuleuven.be/kuleuven,0.0
www.kuleuven.be/studenten,0.0
wet.kuleuven.be/studenten/index.html,0.0
onderwijsaanbod.kuleuven.be/opleidingen/n,0.0
onderwijsaanbod.kuleuven.be/opleidingen/n/CQ_50268901.htm,0.0
deredactie.be/cm/vrtnieuws,0.0
deredactie.be/cm/vrtnieuws/binnenland,0.0
www.nieuwsblad.be,0.0
www.nieuwsblad.be/sportwereld,0.0
www.nieuwsblad.be/sportwereld/voetbal,0.0
www.nieuwsblad.be/sportwereld/voetbal/eerste-klasse,0.0
sporza.be/cm/sporza,0.0
sporza.be/cm/sporza/atletiek,0.0
www.kuleuven.be/kuleuven,0.0
www.kuleuven.be/studeren,0.0
eng.kuleuven.be/studenten,0.0
eng.kuleuven.be/studenten/examens-evaluatie-diploma-1/index,0.0
www.knack.be/nieuws,0.0
www.foxnews.com,0.0
deredactie.be/cm/vrtnieuws,0.0
deredactie.be/cm/vrtnieuws,0.0
www.kuleuven.be/kuleuven,0.0
onderwijsaanbod.kuleuven.be/opleidingen/n,0.0
onderwijsaanbod.kuleuven.be/opleidingen/n,0.0
onderwijsaanbod.kuleuven.be/opleidingen/n/CQ_50268945.htm,0.0
webwsp.aps.kuleuven.be/sap(bD1ubCZjPTIwMA==)/public/bsp/sap/z_mijnuurrstrs,0.0
sporza.be/cm/sporza,0.0
sporza.be/cm/sporza/voetbal/buitenland,0.0
steamcommunity.com,0.0
steamcommunity.com/market,0.0
steamcommunity.com/market,0.0
steamcommunity.com/market/listings/730/AWP%20%7C%20Man-o%27-war%20%28Minimal%20Wear%29,0.0
steamcommunity.com/market,0.0
www.vier.be,0.0
www.vier.be/programmas,0.0
www.vier.be/demol/programmas/de-mol,0.0
www.vier.be/volledige-afleveringen/964036,0.0
www.standaard.be,0.0
nieuws.vtm.be,0.0
www.standaard.be/cnt/dmf20160323_02198748,0.0
www.knack.be/nieuws,0.0
www.knack.be/nieuws/belgie/ibrahim-el-bakraoui-geidentificeerd-in-zaventem-khalid-el-bakraoui-blies-zichzelf-op-in-maalbeek/live-normal-681403.html,0.0
sporza.be/cm/sporza,0.0
sporza.be/cm/sporza,0.0
sporza.be/cm/sporza,0.0
www.standaard.be,0.0
www.google.be,0.0
www.google.be,0.0
deredactie.be/cm/vrtnieuws,0.0
sporza.be/cm/sporza,0.0
www.google.be,0.0
www.google.be,0.0
www.kuleuven.be/kuleuven,0.0
www.kuleuven.be/studenten,0.0
wet.kuleuven.be/studenten/index.html,0.0
onderwijsaanbod.kuleuven.be/opleidingen/n,0.0
onderwijsaanbod.kuleuven.be/opleidingen/n/CQ_50268901.htm,0.0
www.hln.be,0.0
9gag.com,0.0
sporza.be/cm/sporza,0.0
sporza.be/cm/sporza/voetbal,0.0
deredactie.be/cm/vrtnieuws,0.0
deredactie.be/cm/vrtnieuws/binnenland,0.0
www.kuleuven.be/kuleuven,0.0
www.kuleuven.be/studenten,0.0
wet.kuleuven.be/studenten/index.html,0.0
onderwijsaanbod.kuleuven.be/opleidingen/n,0.0
onderwijsaanbod.kuleuven.be/opleidingen/n/CQ_50268901.htm,0.0
sporza.be/cm/sporza,0.0
sporza.be/cm/sporza/voetbal,0.0
www.hln.be,0.0
www.hln.be/hln/nl/9090/Voetbal/index.dhtml,0.0
www.kuleuven.be/kuleuven,0.0
www.kuleuven.be/studenten,0.0
wet.kuleuven.be/studenten/index.html,0.0
onderwijsaanbod.kuleuven.be/opleidingen/n,0.0
onderwijsaanbod.kuleuven.be/opleidingen/n/CQ_50268901.htm,0.0
deredactie.be/cm/vrtnieuws,0.0
deredactie.be/cm/vrtnieuws/regio/antwerpen,0.0
deredactie.be/cm/vrtnieuws,0.0
deredactie.be/cm/vrtnieuws/binnenland,0.0
sporza.be/cm/sporza,0.0
sporza.be/cm/sporza/voetbal/buitenland,0.0
www.kuleuven.be/kuleuven,0.0
onderwijsaanbod.kuleuven.be/opleidingen/n,0.0
onderwijsaanbod.kuleuven.be/opleidingen/n/CQ_50268945.htm,0.0
webwsp.aps.kuleuven.be/sap(bD1ubCZjPTIwMA==)/public/bsp/sap/z_mijnuurrstrs,0.0
steamcommunity.com,0.0
steamcommunity.com/market,0.0
steamcommunity.com/market,0.0
www.vier.be,0.0
www.vier.be/programmas,0.0
www.vier.be/demol/programmas/de-mol,0.0
www.vier.be/volledige-afleveringen/964036,0.0
sporza.be/cm/sporza,0.0
sporza.be/cm/sporza/voetbal,0.0
sporza.be/cm/sporza/voetbal,0.0
sporza.be/cm/sporza/voetbal/buitenland/Engeland,0.0
sporza.be/cm/sporza/voetbal/Jupiler_Pro_League,0.0
sporza.be/cm/sporza/voetbal/Jupiler_Pro_League/2.5199,0.0
www.pukkelpop.be/nl,0.0
toledo.kuleuven.be,0.0
p.cygnus.cc.kuleuven.be/webapps/blackboard/execute,0.0
p.cygnus.cc.kuleuven.be/webapps/discussionboard/do,0.0
southpark.cc.com,0.0
augmenthuman.wordpress.com,0.0
augment.cs.kuleuven.be/wiki/index.php/Main_Page,0.0
augment.cs.kuleuven.be/wiki/index.php/Main_Page,0.0
tweakers.net,0.0
tweakers.net/categorie/496/laptops/producten,0.0
tweakers.net/pricewatch,0.0
toledo.kuleuven.be,0.0
p.cygnus.cc.kuleuven.be/webapps/blackboard/execute,0.0
p.cygnus.cc.kuleuven.be/webapps/discussionboard/do,0.0
tweakers.net,0.0
tweakers.net/categorie/496/laptops/producten,0.0
tweakers.net/nieuws,0.0
tweakers.net/pricewatch,0.0
toledo.kuleuven.be,0.0
p.cygnus.cc.kuleuven.be/webapps/blackboard/execute,0.0
p.cygnus.cc.kuleuven.be/webapps/blackboard/execute/course/tools,0.0
p.cygnus.cc.kuleuven.be/webapps/discussionboard/do,0.0
southpark.cc.com,0.0
tweakers.net,0.0
tweakers.net/pricewatch,0.0
southpark.cc.com,0.0
tweakers.net,0.0
tweakers.net/nieuws/109627/ontwikkelaars-brengen-jailbreak-uit-voor-apple-tv-2015.html,0.0
tweakers.net/pricewatch,0.0
augment.cs.kuleuven.be/wiki/index.php/Main_Page,0.0
toledo.kuleuven.be,0.0
p.cygnus.cc.kuleuven.be/webapps/blackboard/execute,0.0
p.cygnus.cc.kuleuven.be/webapps/discussionboard/do,0.0
augment.cs.kuleuven.be/wiki/index.php/Main_Page,0.0
augment.cs.kuleuven.be/wiki/index.php/InfoVis-1516,0.0
augment.cs.kuleuven.be/wiki/index.php/Main_Page,0.0
augment.cs.kuleuven.be/wiki/index.php/InfoVis-1414,0.0
augment.cs.kuleuven.be/wiki/index.php/Main_Page,0.0
tweakers.net,0.0
tweakers.net/categorie/215/smartphones/producten,0.0
tweakers.net/pricewatch,0.0
southpark.cc.com,0.0
southpark.cc.com/blog,0.0
lenta.ru,0.0
www.coursera.org,0.0
www.coursera.org,0.0
godville.net/news,0.0
toledo.kuleuven.be,0.0
p.cygnus.cc.kuleuven.be/webapps/blackboard/execute,0.0
p.cygnus.cc.kuleuven.be/webapps/blackboard/execute/course/tools,0.0
p.cygnus.cc.kuleuven.be/webapps/discussionboard/do,0.0
www.belgianrail.be/en/Default.aspx,0.0
www.belgianrail.be/jp/sncb-nmbs-routeplanner/query.exe,0.0
www.belgianrail.be/jp/sncb-nmbs-routeplanner/query.exe,0.0
www.belgianrail.be/jp/sncb-nmbs-routeplanner/query.exe,0.0
www.belgianrail.be/jp/sncb-nmbs-routeplanner/query.exe,0.0
summerofcode.withgoogle.com,0.0
write.flossmanuals.net/gsocstudentguide/what-is-google-summer-of-code,0.0
write.flossmanuals.net/gsocstudentguide/am-i-good-enough,0.0
write.flossmanuals.net/gsocstudentguide/making-first-contact,0.0
write.flossmanuals.net/gsocstudentguide/proposal-example-1,0.0
github.com/cltk/cltk/issues,0.0
www.reddit.com,0.0
www.reddit.com/r/gaming,0.0
www.reddit.com/r/gaming,0.0
www.reddit.com/r/gaming/comments/4bmxaq/just_wanted_to_share_this_nostalgic_gif,0.0
www.reddit.com/r/space,0.0
www.reddit.com/r/space,0.0
sporza.be/cm/sporza,0.0
sporza.be/cm/sporza/voetbal/buitenland/Nederland/1.2610913,0.0
sporza.be/cm/sporza,0.0
sporza.be/cm/sporza/voetbal,0.0
www.youtube.com,0.0
www.hln.be,0.0
www.hln.be/hln/nl/36484/Aanslagen-Brussel/article/detail/2656721/2016/03/24/Geens-Onze-diensten-hebben-fout-gemaakt.dhtml,0.0
www.youtube.com,0.0
www.youtube.com,0.0
www.youtube.com,0.0
www.nieuwsblad.be/sportwereld,0.0
www.nieuwsblad.be/sportwereld/voetbal,0.0
www.reddit.com,0.0
www.nieuwsblad.be/sportwereld/tag/voetbal/belgie,0.0
www.nieuwsblad.be/cnt/dmf20160324_02200618,0.0
www.nieuwsblad.be/sportwereld/wielrennen,0.0
www.nieuwsblad.be/sportwereld/wielrennen,0.0
www.youtube.com,0.0
www.reddit.com/new,0.0
www.reddit.com,0.0
www.reddit.com/message/inbox,0.0
www.reddit.com/r/darksouls/comments/4bt86x/someone_should_sell_stress_balls_shaped_like,0.0
www.gva.be,0.0
www.gva.be/sport,0.0
www.gva.be/cnt/dmf20160324_02200733/origi-valt-geblesseerd-af-voor-portugal,0.0
www.gva.be/sport,0.0
www.gva.be/cnt/dmf20160324_02200733/origi-valt-geblesseerd-af-voor-portugal,0.0
www.gva.be,0.0
www.gva.be/regio/regio-kempen,0.0
www.gva.be/cnt/dmf20160321_02194589/dit-weekend-in-citta-kempen,0.0
en.lichess.org,0.0
en.lichess.org/training/22398,0.0
www.standaard.be,0.0
www.standaard.be/cnt/dmf20160325_02203598,0.0
twigserial.wordpress.com,0.0
topwebfiction.com,0.0
en.wikipedia.org/wiki/Earth_mover%27s_distance,0.0
www.standaard.be,0.0
www.standaard.be/nieuws/sport,0.0
www.standaard.be/nieuws/sport/voetbal,0.0
www.standaard.be/nieuws/sport/voetbal,0.0
onderwijsaanbod.kuleuven.be/opleidingen/n,0.0
onderwijsaanbod.kuleuven.be/opleidingen/n/CQ_50268945.htm,0.0
onderwijsaanbod.kuleuven.be/opleidingen/n/SC_51230411.htm,0.0
deredactie.be/cm/vrtnieuws,0.0
deredactie.be/cm/vrtnieuws/weer,0.0
deredactie.be/cm/vrtnieuws,0.0
deredactie.be/cm/vrtnieuws,0.0
gathering.tweakers.net,0.0
gathering.tweakers.net/forum/list_topics/22,0.0
gathering.tweakers.net/forum/list_messages/1160786,0.0
sporza.be/cm/sporza,0.0
sporza.be/cm/sporza/voetbal,0.0
www.dourfestival.eu/nl,0.0
www.dourfestival.eu/nl/info/news,0.0
www.dourfestival.eu/nl/program/lineup/overview,0.0
www.pukkelpop.be/nl,0.0
www.pukkelpop.be/nl/line-up/abc,0.0
sporza.be/cm/sporza,0.0
www.vi.nl,0.0
www.vi.nl/competities.htm,0.0
www.vi.nl/competities/wedstrijden/jupiler-league-20152016-nederland.htm,0.0
www.vi.nl/competities.htm,0.0
www.vi.nl/competities/wedstrijden/uefa-champions-league-20152016-europa.htm,0.0
www.vi.nl/competities/stand/uefa-champions-league-20152016-europa.htm,0.0
www.vi.nl/competities.htm,0.0
www.vi.nl/competities/wedstrijden/wereldkampioenschap-2018-russia-wereld.htm,0.0
www.vi.nl/competities.htm,0.0
www.vi.nl/competities/wedstrijden/pro-league-20152016-belgie.htm,0.0
sporza.be/cm/sporza,0.0
sporza.be/cm/sporza/voetbal,0.0
sporza.be/cm/sporza/voetbal/Jupiler_Pro_League,0.0
sporza.be/cm/sporza/voetbal/Jupiler_Pro_League/2.5199,0.0
www.pukkelpop.be/nl,0.0
www.dourfestival.eu/nl,0.0
www.dourfestival.eu/nl/info/at-the-festival,0.0
www.dourfestival.eu/nl/tickets-reservations/ticket,0.0
www.dourfestival.eu/nl/tickets-reservations/ticket/pass,0.0
www.dourfestival.eu/nl/tickets-reservations/ticket/pass/nocamping,0.0
www.pukkelpop.be/nl,0.0
www.pukkelpop.be/nl/line-up/donderdag,0.0
www.pukkelpop.be/nl/line-up/abc,0.0
www.vi.nl,0.0
www.vi.nl/teams/team/psv.htm,0.0
www.vi.nl/teams/wedstrijden/psv.htm,0.0
www.vi.nl/competities.htm,0.0
www.vi.nl/competities/wedstrijden/eredivisie-20152016-nederland.htm,0.0
www.vi.nl/competities/stand/eredivisie-20152016-nederland.htm,0.0
www.vi.nl/competities/rankings/eredivisie-20152016-nederland.htm,0.0
www.vi.nl/competities.htm,0.0
www.vi.nl/competities/wedstrijden/pro-league-20152016-belgie.htm,0.0
sporza.be/cm/sporza/voetbal,0.0
www.dourfestival.eu/nl,0.0
www.dourfestival.eu/nl/program,0.0
www.dourfestival.eu/nl/program/lineup/overview,0.0
www.dourfestival.eu/nl/tickets-reservations,0.0
www.dourfestival.eu/nl/tickets-reservations/ticket,0.0
www.dourfestival.eu/nl/tickets-reservations/ticket/pass,0.0
www.dourfestival.eu/nl/tickets-reservations/ticket/pass/nocamping,0.0
www.vi.nl,0.0
www.vi.nl/competities.htm,0.0
www.vi.nl/competities/wedstrijden/pro-league-20152016-belgie.htm,0.0
www.vi.nl/competities/rankings/pro-league-20152016-belgie.htm,0.0
sporza.be/cm/sporza,0.0
sporza.be/cm/sporza/voetbal/buitenland,0.0
sporza.be/cm/sporza/voetbal/buitenland,0.0
steamcommunity.com,0.0
steamcommunity.com/market,0.0
steamcommunity.com/market,0.0
www.google.be,0.0
www.kuleuven.be/kuleuven,0.0
onderwijsaanbod.kuleuven.be/opleidingen/n,0.0
onderwijsaanbod.kuleuven.be/opleidingen/n/CQ_50268945.htm,0.0
webwsp.aps.kuleuven.be/sap(bD1ubCZjPTIwMA==)/public/bsp/sap/z_mijnuurrstrs,0.0
github.com/mkusner,0.0
dl.acm.org,0.0
www.google.be,0.0
developers.google.com/open-source/gsoc/resources/manual,0.0
developers.google.com/open-source/gsoc/resources/glossary,0.0
www.vi.nl,0.0
www.vi.nl/competities.htm,0.0
www.vi.nl/competities/wedstrijden/eredivisie-20152016-nederland.htm,0.0
www.vi.nl/teams.htm,0.0
www.vi.nl/teams/team/barcelona.htm,0.0
www.vi.nl/competities.htm,0.0
www.vi.nl/competities/wedstrijden/pro-league-20152016-belgie.htm,0.0
www.vi.nl/competities/wedstrijden/pro-league-20152016-belgie.htm,0.0
sporza.be/cm/sporza/voetbal/Rode_Duivels/1.2611632,0.0
www.pukkelpop.be/nl,0.0
www.pukkelpop.be/nl/camping,0.0
www.pukkelpop.be/nl/faq,0.0
www.dourfestival.eu/nl,0.0
www.dourfestival.eu/nl/tickets-reservations,0.0
www.dourfestival.eu/nl/tickets-reservations/ticket,0.0
www.dourfestival.eu/nl/tickets-reservations/ticket/pass,0.0
www.dourfestival.eu/nl/tickets-reservations/ticket/pass/nocamping,0.0
www.vi.nl,0.0
www.vi.nl/teams/team/psv.htm,0.0
www.vi.nl/teams/wedstrijden/psv.htm,0.0
www.vi.nl/competities.htm,0.0
www.vi.nl/competities/wedstrijden/eredivisie-20152016-nederland.htm,0.0
www.dourfestival.eu/nl,0.0
www.dourfestival.eu/nl/tickets-reservations,0.0
www.dourfestival.eu/nl/tickets-reservations/ticket,0.0
www.dourfestival.eu/nl/program/lineup/overview,0.0
www.dourfestival.eu/nl/tickets-reservations/ticket,0.0
www.dourfestival.eu/nl/tickets-reservations/ticket/pass,0.0
www.dourfestival.eu/nl/tickets-reservations/ticket/pass/nocamping,0.0
www.pukkelpop.be/nl,0.0
www.pukkelpop.be/nl/line-up/abc,0.0
sporza.be/cm/sporza,0.0
sporza.be/cm/sporza/voetbal,0.0
sporza.be/cm/sporza/voetbal/Jupiler_Pro_League,0.0
showrss.info,0.0
toledo.kuleuven.be,0.0
p.cygnus.cc.kuleuven.be/webapps/blackboard/execute,0.0
p.cygnus.cc.kuleuven.be/webapps/discussionboard/do,0.0
tweakers.net,0.0
tweakers.net/reviews,0.0
tweakers.net/pricewatch,0.0
www.dourfestival.eu/nl,0.0
www.dourfestival.eu/nl/tickets-reservations/ticket,0.0
www.dourfestival.eu/nl/tickets-reservations/ticket/pass,0.0
www.dourfestival.eu/nl/tickets-reservations/ticket/pass/nocamping,0.0
www.vi.nl,0.0
www.vi.nl/teams.htm,0.0
www.vi.nl/teams/team/barcelona.htm,0.0
www.vi.nl/teams/wedstrijden/barcelona.htm,0.0
www.vi.nl/competities.htm,0.0
sporza.be/cm/sporza/wielrennen,0.0
sporza.be/cm/sporza/wielrennen/kalender/1.516165,0.0
www.dourfestival.eu/nl,0.0
www.dourfestival.eu/nl/program,0.0
www.dourfestival.eu/nl/program/lineup/overview,0.0
sporza.be/cm/sporza/voetbal,0.0
sporza.be/cm/sporza/voetbal/Jupiler_Pro_League,0.0
sporza.be/cm/sporza/voetbal/Jupiler_Pro_League/2.5199,0.0
augment.cs.kuleuven.be/wiki/index.php/Main_Page,0.0
augment.cs.kuleuven.be/wiki/index.php/Main_Page,0.0
sporza.be/cm/sporza,0.0
sporza.be/cm/sporza/voetbal,0.0
sporza.be/cm/sporza/voetbal/Jupiler_Pro_League,0.0
www.leuven.be/leven/huisvuil-milieu/afval/ophaalkalenders/index.jsp,0.0
www.leuven.be/info/index.jsp,0.0
www.leuven.be/index.jsp,0.0
jeugdwerk.mijnleuven.be/app/views/contacts,0.0
jeugdwerk.mijnleuven.be/app/views/camptransportations,0.0
jeugdwerk.mijnleuven.be/app/views/accounts,0.0
www.tripadvisor.nl,0.0
www.vakantiepiraten.nl,0.0
tweakers.net,0.0
tweakers.net/reviews,0.0
tweakers.net/pricewatch,0.0
www.vakantiepiraten.nl,0.0
www.dourfestival.eu/nl,0.0
www.dourfestival.eu/nl/tickets-reservations,0.0
www.dourfestival.eu/nl/tickets-reservations/ticket,0.0
www.dourfestival.eu/nl/tickets-reservations/ticket/pass,0.0
www.dourfestival.eu/nl/tickets-reservations/ticket/pass/nocamping,0.0
sporza.be/cm/sporza,0.0
sporza.be/cm/sporza/voetbal/buitenland,0.0
steamcommunity.com,0.0
steamcommunity.com/market,0.0
steamcommunity.com/market,0.0
www.vier.be,0.0
www.vier.be/programmas,0.0
www.vier.be/demol/programmas/de-mol,0.0
www.vier.be/volledige-afleveringen/964036,0.0
www.msi.com/index.php,0.0
www.msi.com/Notebooks,0.0
www.msi.com/Notebook/GT72-6QE-DOMINATOR-PRO-G.html,0.0
www.kuleuven.be/kuleuven,0.0
onderwijsaanbod.kuleuven.be/opleidingen/n,0.0
onderwijsaanbod.kuleuven.be/opleidingen/n/CQ_50268945.htm,0.0
summerofcode.withgoogle.com/dashboard/student/proposal/4701764959862784,0.0
lists.ensembl.org/mailman/confirm/dev,0.0
sporza.be/cm/sporza,0.0
sporza.be/cm/sporza/voetbal,0.0
sporza.be/cm/sporza/voetbal/Jupiler_Pro_League,0.0
sporza.be/cm/sporza,0.0
sporza.be/cm/sporza/voetbal,0.0
sporza.be/cm/sporza/videozone/programmas/extratime,0.0
sporza.be/cm/sporza,0.0
sporza.be/cm/sporza/voetbal,0.0
deredactie.be/cm/vrtnieuws/cultuur%2Ben%2Bmedia,0.0
deredactie.be/cm/vrtnieuws/cultuur%2Ben%2Bmedia/film,0.0
www.alma.be/nl,0.0
www.alma.be/nl/campusarenberg,0.0
www.quiz-kalender.be,0.0
joglog.azurewebsites.net,0.0
joglog.azurewebsites.net/Jogging/List,0.0
joglog.azurewebsites.net/JogLiga,0.0
joglog.azurewebsites.net,0.0
joglog.azurewebsites.net/JogLiga,0.0
joglog.azurewebsites.net,0.0
stratenlopen.be,0.0
stratenlopen.be,0.0
stratenlopen.be,0.0
runkeeper.com/home,0.0
runkeeper.com/user/jeffhoremans/profile,0.0
runkeeper.com/user/jeffhoremans/fitnessReports/cardio,0.0
runkeeper.com/home,0.0
sporza.be/cm/sporza,0.0
sporza.be/cm/sporza/voetbal,0.0
sporza.be/cm/sporza/voetbal/Jupiler_Pro_League,0.0
joglog.azurewebsites.net,0.0
stratenlopen.be,0.0
www.ucll.be/studeren,0.0
www.ucll.be/dienstenvoorstudenten,0.0
www.ucll.be/studeren/student-aan-ucll/diensten-voor-studenten/diensten-voor-studenten-leuven,0.0
www.ucll.be/studeren/student-aan-ucll/diensten-voor-studenten/diensten-voor-studenten-leuven-0/sport-leuven,0.0
www.ucll.be/studeren/student-aan-ucll/campussen/campus-hertogstraat/sporthal/sportaanbod-heverlee,0.0
www.kuleuven.be/kuleuven,0.0
www.kuleuven.be/sport,0.0
www.kuleuven.be/sport/sportaanbod/index.htm,0.0
www.worldsnooker.com,0.0
www.worldsnooker.com/news,0.0
www.worldsnooker.com,0.0
cuetracker.net,0.0
cuetracker.net/Statistics/Centuries/Most-Made/All-time,0.0
cuetracker.net,0.0
cuetracker.net/Rankings,0.0
grch37.ensembl.org/Homo_sapiens/Info/Index,0.0
sporza.be/cm/sporza,0.0
sporza.be/cm/sporza/tennis,0.0
sporza.be/cm/sporza,0.0
sporza.be/cm/sporza/atletiek,0.0
sporza.be/cm/sporza,0.0
sporza.be/cm/sporza/voetbal,0.0
sporza.be/cm/sporza/voetbal/Jupiler_Pro_League,0.0
grch37.ensembl.org/Homo_sapiens/Gene,0.0
www.reddit.com,0.0
www.reddit.com/message/inbox,0.0
www.youtube.com,0.0
toledo.kuleuven.be,0.0
p.cygnus.cc.kuleuven.be/webapps/blackboard/execute,0.0
news.ycombinator.com,0.0
toledo.kuleuven.be,0.0
twigserial.wordpress.com,0.0
topwebfiction.com,0.0
arstechnica.com,0.0
arstechnica.com,0.0
arstechnica.com/information-technology/2016/03/artificial-intelligence-in-healthcare,0.0
sporza.be/cm/sporza,0.0
sporza.be/cm/sporza,0.0
sporza.be/cm/sporza/voetbal/buitenland,0.0
sporza.be/cm/sporza/voetbal/buitenland/Engeland,0.0
steamcommunity.com,0.0
steamcommunity.com/market,0.0
steamcommunity.com/market/listings/730/AWP%20%7C%20Man-o%27-war%20%28Minimal%20Wear%29,0.0
www.vier.be,0.0
www.vier.be/programmas,0.0
www.vier.be/demol/programmas/de-mol,0.0
www.vier.be/demol/programmas/de-mol,0.0
www.vier.be/volledige-afleveringen/964036,0.0
www.kuleuven.be/kuleuven,0.0
onderwijsaanbod.kuleuven.be/opleidingen/n,0.0
onderwijsaanbod.kuleuven.be/opleidingen/n/CQ_50268945.htm,0.0
webwsp.aps.kuleuven.be/sap(bD1ubCZjPTIwMA==)/public/bsp/sap/z_mijnuurrstrs,0.0
webwsp.aps.kuleuven.be/sap(bD1ubCZjPTIwMA==)/public/bsp/sap/z_mijnuurrstrs,0.0
webwsp.aps.kuleuven.be/sap(bD1ubCZjPTIwMA==)/public/bsp/sap/z_mijnuurrstrs,0.0
webwsp.aps.kuleuven.be/sap(bD1ubCZjPTIwMA==)/public/bsp/sap/z_mijnuurrstrs,0.0
www.hln.be,0.0
www.hln.be/hln/nl/957/Binnenland/article/detail/2657907/2016/03/25/Video-toont-hoe-politie-kind-weghaalt-bij-neergeschoten-verdachte-in-Schaarbeek.dhtml,0.0
www.hln.be/regio/nieuws-uit-zemst,0.0
www.hln.be/regio/nieuws-uit-zemst/comite-p-onderzoekt-terreurtip-a2657330,0.0
doorbraak.be/nl/home,0.0
doorbraak.be/nl/nieuws,0.0
doorbraak.be/nl/nieuws,0.0
doorbraak.be/nl/nieuws,0.0
www.knack.be/nieuws,0.0
www.standaard.be,0.0
toledo.kuleuven.be,0.0
p.cygnus.cc.kuleuven.be/webapps/blackboard/execute,0.0
weather.yahoo.com/belgium/vlaams-brabant/elewyt-(elewijt)-969330,0.0
weather.yahoo.com/belgium/vlaams-brabant,0.0
www.bloomberg.com/europe,0.0
www.bloomberg.com/markets/stocks/world-indexes/americas,0.0
www.bloomberg.com/markets,0.0
www.bloomberg.com/quote/TSLA:US,0.0
summerofcode.withgoogle.com/organizations/6373155673210880,0.0
mijn.bibliotheek.be/portal/rest/user/dashboard,0.0
www.hln.be,0.0
www.hln.be,0.0
toledo.kuleuven.be,0.0
p.cygnus.cc.kuleuven.be/webapps/blackboard/execute,0.0
www.vbal4.be,0.0
www.vbal4.be/p010343.htm,0.0
www.kuleuven.be/kuleuven,0.0
www.kuleuven.be/sport,0.0
www.kuleuven.be/sport/sportaanbod/index.htm,0.0
www.kuleuven.be/sport/sportaanbod/ploegsporten/frisbee,0.0
www.kuleuven.be/sport/sportaanbod/index.htm,0.0
www.kuleuven.be/kuleuven,0.0
www.kuleuven.be/sport,0.0
www.kuleuven.be/sport/sportaanbod/index.htm,0.0
www.kuleuven.be/sport/sportaanbod/individuele-sporten/badminton,0.0
www.kuleuven.be/kuleuven,0.0
www.kuleuven.be/sport,0.0
www.westerlo.be,0.0
www.westerlo.be/openingsuren-en-sluitingsdagen,0.0
www.quiz-kalender.be,0.0
www.quizarchief.be,0.0
www.quizarchief.be/speelquiz,0.0
sporza.be/cm/sporza,0.0
sporza.be/cm/sporza/wielrennen,0.0
sporza.be/cm/sporza,0.0
sporza.be/cm/sporza/voetbal,0.0
runkeeper.com/home,0.0
runkeeper.com/user/jeffhoremans/profile,0.0
joglog.azurewebsites.net,0.0
stratenlopen.be,0.0
stratenlopen.be,0.0
joglog.azurewebsites.net,0.0
www.alma.be/nl,0.0
www.alma.be/nl/campusarenberg,0.0
www.worldsnooker.com,0.0
www.worldsnooker.com/news,0.0
deredactie.be/cm/vrtnieuws/cultuur%2Ben%2Bmedia,0.0
deredactie.be/cm/vrtnieuws,0.0
deredactie.be/cm/vrtnieuws/buitenland,0.0
kvcwesterlo.be/a-kern/kalender,0.0
sporza.be/cm/sporza,0.0
sporza.be/cm/sporza/voetbal,0.0
sporza.be/cm/sporza/voetbal/Jupiler_Pro_League,0.0
sporza.be/cm/sporza/voetbal/Jupiler_Pro_League/2.5199,0.0
sporza.be/cm/sporza/voetbal/Jupiler_Pro_League/2.5029,0.0
sporza.be/cm/sporza,0.0
www.ucll.be,0.0
www.ucll.be/studeren,0.0
www.ucll.be/dienstenvoorstudenten,0.0
www.ucll.be/studeren/student-aan-ucll/diensten-voor-studenten/diensten-voor-studenten-leuven,0.0
www.ucll.be/studeren/student-aan-ucll/diensten-voor-studenten/diensten-voor-studenten-leuven-0/sport-leuven,0.0
www.ucll.be/studeren/student-aan-ucll/diensten-voor-studenten/diensten-voor-studenten-leuven-0/sport-leuven,0.0
www.ucll.be/studeren/student-aan-ucll/campussen/campus-hertogstraat/sporthal,0.0
www.ucll.be/studeren/student-aan-ucll/campussen/campus-hertogstraat/sporthal/sportaanbod-heverlee,0.0
azure.microsoft.com/en-us,0.0
azure.microsoft.com/en-us/services/iot-hub,0.0
azure.microsoft.com/en-us/pricing/details/iot-hub,0.0
azure.microsoft.com/en-us/pricing,0.0
deredactie.be/cm/vrtnieuws,0.0
deredactie.be/cm/vrtnieuws/cultuur%2Ben%2Bmedia,0.0
deredactie.be/cm/vrtnieuws/cultuur%2Ben%2Bmedia/film,0.0
deredactie.be/cm/vrtnieuws,0.0
deredactie.be/cm/vrtnieuws/buitenland,0.0
sporza.be/cm/sporza,0.0
sporza.be/cm/sporza/voetbal,0.0
sporza.be/cm/sporza/voetbal/Jupiler_Pro_League,0.0
sporza.be/cm/sporza/videozone/programmas/extratime,0.0
sporza.be/cm/sporza,0.0
sporza.be/cm/sporza/voetbal,0.0
sporza.be/cm/sporza/voetbal/Jupiler_Pro_League,0.0
runkeeper.com/home,0.0
runkeeper.com/user/jeffhoremans/profile,0.0
runkeeper.com/user/jeffhoremans/fitnessReports/cardio,0.0
joglog.azurewebsites.net,0.0
joglog.azurewebsites.net/Jogging/List,0.0
joglog.azurewebsites.net,0.0
stratenlopen.be,0.0
stratenlopen.be,0.0
stratenlopen.be/index.php,0.0
stratenlopen.be/calendar.php,0.0
stratenlopen.be/index.php,0.0
www.worldsnooker.com,0.0
www.worldsnooker.com/news,0.0
www.worldsnooker.com,0.0
cuetracker.net,0.0
cuetracker.net/Statistics,0.0
cuetracker.net/Statistics/Centuries/Most-Made/All-time,0.0
cuetracker.net,0.0
cuetracker.net/Statistics,0.0
cuetracker.net/Statistics/Tournaments/Won/All-time,0.0
cuetracker.net,0.0
cuetracker.net/Rankings,0.0
cuetracker.net,0.0
www.quiz-kalender.be,0.0
sporza.be/cm/sporza,0.0
sporza.be/cm/sporza/voetbal,0.0
deredactie.be/cm/vrtnieuws,0.0
sporza.be/cm/sporza,0.0
sporza.be/cm/sporza/wielrennen,0.0
sporza.be/cm/sporza,0.0
sporza.be/cm/sporza/tennis,0.0
sporza.be/cm/sporza,0.0
sporza.be/cm/sporza/voetbal/Jupiler_Pro_League,0.0
sporza.be/cm/sporza,0.0
sporza.be/cm/sporza/voetbal,0.0
www.kuleuven.be/kuleuven,0.0
www.kuleuven.be/sport,0.0
www.kuleuven.be/sport/sportaanbod/index.htm,0.0
vtk.be,0.0
deredactie.be/cm/vrtnieuws,0.0
deredactie.be/cm/vrtnieuws/binnenland,0.0
www.meteo.be/meteo/view/nl/65239-Home.html,0.0
www.nieuwsblad.be,0.0
www.nieuwsblad.be/nieuws/binnenland,0.0
www.nieuwsblad.be/regio/startgemeente,0.0
sporza.be/cm/sporza,0.0
www.reddit.com/r/machinelearning,0.0
www.reddit.com/r/MachineLearning/top,0.0
www.reddit.com/r/news,0.0
www.reddit.com/r/news/top,0.0
www.reddit.com/r/worldnews,0.0
www.kuleuven.be/kuleuven,0.0
www.kuleuven.be/studeren,0.0
www.kuleuven.be/studenten,0.0
onderwijsaanbod.kuleuven.be/opleidingen/n,0.0
theprogmind.com,0.0
theprogmind.com/2016/03/26/circus-maximus-havoc,0.0
my.beeline.ru/c/pre/index.xhtml,0.0
gathering.tweakers.net,0.0
gathering.tweakers.net/forum/list_topics/22,0.0
gathering.tweakers.net/forum/list_messages/1160786,0.0
tweakers.net,0.0
tweakers.net/downloads/36795/mkvtoolnix-900.html,0.0
tweakers.net,0.0
www.standaard.be,0.0
www.standaard.be,0.0
www.standaard.be/cnt/dmf20160325_02205123,0.0
www.standaard.be,0.0
www.standaard.be/nieuws/sport,0.0
www.standaard.be/nieuws/sport/voetbal,0.0
www.standaard.be/cnt/dmf20160325_02204319,0.0
www.standaard.be/cnt/dmf20160326_02205678,0.0
www.reddit.com,0.0
onderwijsaanbod.kuleuven.be/opleidingen/n,0.0
onderwijsaanbod.kuleuven.be/opleidingen/n/CQ_50268945.htm,0.0
onderwijsaanbod.kuleuven.be/opleidingen/n/SC_51230411.htm,0.0
www.bbc.com,0.0
smbc-comics.com,0.0
smbc-comics.com,0.0
smbc-comics.com,0.0
deredactie.be/cm/vrtnieuws,0.0
deredactie.be/cm/vrtnieuws/binnenland,0.0
sporza.be/cm/sporza,0.0
www.kuleuven.be/kuleuven,0.0
onderwijsaanbod.kuleuven.be/opleidingen/n,0.0
onderwijsaanbod.kuleuven.be/opleidingen/n,0.0
www.reddit.com,0.0
www.reddit.com/r/worldnews,0.0
www.reddit.com/r/worldnews/top,0.0
www.reddit.com/r/news,0.0
www.nieuwsblad.be,0.0
www.meteo.be/meteo/view/nl/65239-Home.html,0.0
www.meteo.be/meteo/view/nl,0.0
toledo.kuleuven.be,0.0
chirodiner.fock.be,0.0
www.standaard.be,0.0
www.standaard.be/cnt/dmf20160326_02205669,0.0
www.standaard.be,0.0
www.standaard.be/nieuws/sport,0.0
www.standaard.be/nieuws/sport/voetbal,0.0
deredactie.be/cm/vrtnieuws,0.0
tweakers.net,0.0
tweakers.net/nieuws/109719/nieuwe-live-tiles-voor-windows-worden-tijdens-build-congres-getoond.html,0.0
gathering.tweakers.net,0.0
gathering.tweakers.net/forum/list_topics/22,0.0
gathering.tweakers.net/forum/list_messages/1160786,0.0
onderwijsaanbod.kuleuven.be/opleidingen/n,0.0
onderwijsaanbod.kuleuven.be/opleidingen/n/CQ_50268945.htm,0.0
onderwijsaanbod.kuleuven.be/opleidingen/n/SC_51230411.htm,0.0
www.reddit.com,0.0
www.reddit.com,0.0
www.hln.be,0.0
www.hln.be/regio/nieuws-uit-mol,0.0
www.hln.be/regio/nieuws-uit-mol,0.0
www.hln.be/regio/nieuws-uit-mol,0.0
www.cnbc.com/world,0.0
www.cnbc.com/financial-advisors,0.0
www.cnbc.com/personal-finance,0.0
www.cnbc.com/personal-finance,0.0
www.cnbc.com/us-markets,0.0
www.cnbc.com/personal-finance,0.0
www.cnbc.com/college,0.0
9gag.com,0.0
eu.battle.net/wow/en,0.0
eu.battle.net/wow/en/forum,0.0
eu.battle.net/wow/en/forum/872818,0.0
eu.battle.net/wow/en/forum/872818,0.0
eu.battle.net/wow/en/forum/872818,0.0
eu.battle.net/wow/en/forum/872818,0.0
eu.battle.net/wow/en/forum/872818,0.0
eu.battle.net/wow/en/forum/872818,0.0
eu.battle.net/wow/en/forum,0.0
www.hln.be,0.0
www.hln.be,0.0
www.hln.be/hln/nl/957/Binnenland/article/detail/2657972/2016/03/26/Bespuwd-en-trap-in-kruis-man-filmt-verkeersagressie-op-snelweg-met-dashcam.dhtml,0.0
www.hln.be,0.0
www.hln.be/hln/nl/958/iHLN/index.dhtml,0.0
www.nieuwsblad.be,0.0
toledo.kuleuven.be,0.0
p.cygnus.cc.kuleuven.be/webapps/blackboard/execute,0.0
sporza.be/cm/sporza,0.0
sporza.be/cm/sporza/wielrennen,0.0
sporza.be/cm/sporza/matchcenter/mc_wielrennen/Comp_voorjaar_2016/1.2587904,0.0
toledo.kuleuven.be,0.0
www.kuleuven.be/studeren,0.0
www.kuleuven.be/onderwijs/student,0.0
www.kuleuven.be/onderwijs/traject/vrijstelling/index,0.0
wiki.wina.be/examens/index.php/Hoofdpagina,0.0
wiki.wina.be/examens/index.php/Categorie:3bi,0.0
www.google.be,0.0
pythoncentral.io/execute-python-script-file-shell,0.0
www.python.org/download/releases,0.0
sporza.be/cm/sporza/videozone/sporten/v-wielrennen/E3_Harelbeke,0.0
sporza.be/cm/sporza/videozone/programmas/sportweekend,0.0
sporza.be/cm/sporza/videozone/sporten,0.0
sporza.be/cm/sporza/videozone/1.2612526,0.0
sporza.be/cm/sporza/videozone/v_FIFAWK_voetbal/RodeDuivels/1.2612524,0.0
sporza.be/cm/sporza/videozone/v_FIFAWK_voetbal/RodeDuivels/1.2612524,0.0
deredactie.be/cm/vrtnieuws,0.0
deredactie.be/cm/vrtnieuws/binnenland,0.0
deredactie.be/cm/vrtnieuws/binnenland/1.2612463,0.0
deredactie.be/cm/vrtnieuws/politiek/1.2612398,0.0
deredactie.be/cm/vrtnieuws/cultuur%2Ben%2Bmedia/media/1.2612124,0.0
www.reddit.com,0.0
www.reddit.com,0.0
www.reddit.com,0.0
www.reddit.com,0.0
www.reddit.com/new,0.0
www.reddit.com/new,0.0
www.hln.be,0.0
www.hln.be,0.0
www.hln.be/hln/nl/37/Psycho/article/detail/2648587/2016/03/23/Een-meditatie-app-of-kleuren-voor-volwassenen-werkt-dat-echt-tegen-stress.dhtml,0.0
www.hln.be/hln/nl/36484/Aanslagen-Brussel/article/detail/2658650/2016/03/26/31-doden-bij-terreur-Brussel-al-24-mensen-geidentificeerd.dhtml,0.0
www.hln.be/hln/nl/923/Sport/index.dhtml,0.0
deredactie.be/cm/vrtnieuws/buitenland/1.2612442,0.0
www.reddit.com/r/Jokes/comments/4bzb1n/when_does_a_joke_become_a_dad_joke,0.0
www.reddit.com/r/Jokes/comments/4bzb1n/when_does_a_joke_become_a_dad_joke,0.0
www.hln.be,0.0
www.hln.be/hln/nl/36484/Aanslagen-Brussel/article/detail/2658680/2016/03/26/MIVB-kreeg-geen-enkele-vraag-om-metroverkeer-stil-te-leggen.dhtml,0.0
www.hln.be,0.0
www.hln.be/regio/nieuws-uit-turnhout,0.0
www.benl.ebay.be,0.0
www.benl.ebay.be/sch/Computer-PDA-/160/i.html,0.0
www.benl.ebay.be/sch/Computer-PDA-/160/i.html,0.0
www.benl.ebay.be/sch/Computer-PDA-/160/i.html,0.0
www.benl.ebay.be/sch/PDA-Toebehoren-/111413/i.html,0.0
www.benl.ebay.be/sch/PDA-Toebehoren-/111413/i.html,0.0
www.benl.ebay.be,0.0
www.benl.ebay.be/sch/Computer-PDA-/160/i.html,0.0
www.benl.ebay.be/sch/Pcs-/3736/i.html,0.0
www.benl.ebay.be/sch/Pcs-/3736/i.html,0.0
www.benl.ebay.be/sch/Pcs-/3736/i.html,0.0
www.meteovista.be,0.0
www.meteovista.be/Go/Search,0.0
sporza.be/cm/sporza,0.0
sporza.be/cm/sporza/wielrennen,0.0
sporza.be/cm/sporza/matchcenter/mc_wielrennen/Comp_voorjaar_2016/1.2587904,0.0
en.wikipedia.org/wiki/Random_search,0.0
wiki.wina.be/examens/index.php/Hoofdpagina,0.0
wiki.wina.be/examens/index.php/Categorie:3bi,0.0
toledo.kuleuven.be,0.0
www.kuleuven.be/studeren,0.0
www.kuleuven.be/onderwijs/student,0.0
www.kuleuven.be/onderwijs/traject/vrijstelling/index,0.0
pythoncentral.io/execute-python-script-file-shell,0.0
www.python.org/download/releases,0.0
deredactie.be/cm/vrtnieuws,0.0
deredactie.be/cm/vrtnieuws/videozone,0.0
deredactie.be/cm/vrtnieuws/videozone/programmas/journaal,0.0
deredactie.be/cm/vrtnieuws/videozone/programmas/terzake,0.0
deredactie.be/cm/vrtnieuws/videozone/60%2Bseconden,0.0
deredactie.be/cm/vrtnieuws/videozone/programmas,0.0
www.standaard.be,0.0
www.standaard.be/nieuws/binnenland,0.0
www.standaard.be/plus/ochtend,0.0
www.standaard.be/nieuws/binnenland,0.0
www.standaard.be/cnt/dmf20160326_02205525,0.0
www.standaard.be/cnt/dmf20160322_02196804,0.0
www.standaard.be,0.0
www.standaard.be/nieuws/binnenland,0.0
www.standaard.be/tag/aanslagen-brussel,0.0
www.standaard.be/cnt/dmf20160326_02205521,0.0
www.standaard.be/cnt/dmf20160324_02200483,0.0
www.standaard.be/cnt/dmf20160326_02205420,0.0
sporza.be/cm/sporza,0.0
sporza.be/cm/sporza/voetbal,0.0
sporza.be/cm/sporza/matchcenter/mc_voetbal/jupilerleague_1516,0.0
sporza.be/cm/sporza/voetbal/Jupiler_Pro_League/1.2611246,0.0
www.standaard.be,0.0
www.standaard.be/cnt/dmf20160326_02205478,0.0
www.standaard.be/tag/aanslagen-brussel,0.0
www.standaard.be/cnt/dmf20160324_02200483,0.0
www.standaard.be,0.0
www.standaard.be,0.0
www.standaard.be/cnt/dmf20160326_02205564,0.0
www.standaard.be/nieuws/meest-recent,0.0
deredactie.be/cm/vrtnieuws,0.0
deredactie.be/cm/vrtnieuws/regio/brussel/1.2612568,0.0
deredactie.be/cm/vrtnieuws/videozone,0.0
deredactie.be/cm/vrtnieuws/videozone/programmas,0.0
deredactie.be/cm/vrtnieuws/videozone/Gezienoptv/1.2612296,0.0
deredactie.be/cm/vrtnieuws/videozone/programmas/terzake,0.0
deredactie.be/cm/vrtnieuws/videozone/meestbekeken,0.0
deredactie.be/cm/vrtnieuws/videozone/nieuws/buitenland/1.2612414,0.0
deredactie.be/cm/vrtnieuws/videozone/programmas/journaal,0.0
eng.kuleuven.be,0.0
eng.kuleuven.be/studenten,0.0
eng.kuleuven.be/studenten/programmas/index.html,0.0
onderwijsaanbod.kuleuven.be/opleidingen/n/F_50000486.htm,0.0
onderwijsaanbod.kuleuven.be/opleidingen/n/CQ_50268945.htm,0.0
onderwijsaanbod.kuleuven.be/opleidingen/n/SC_51230411.htm,0.0
onderwijsaanbod.kuleuven.be/syllabi/e/H0T25AE.htm,0.0
onderwijsaanbod.kuleuven.be/syllabi/e/H0T25AE.htm,0.0
onderwijsaanbod.kuleuven.be/2015/opleidingen/n/SC_51230411.htm,0.0
onderwijsaanbod.kuleuven.be/2015/syllabi/e/D0I69AE.htm,0.0
onderwijsaanbod.kuleuven.be/2015/opleidingen/n/index.htm,0.0
www.cnn.com,0.0
www.cnn.com/world,0.0
toledo.kuleuven.be,0.0
www.kuleuven.be/studeren,0.0
www.kuleuven.be/onderwijs/student,0.0
www.kuleuven.be/onderwijs/traject/vrijstelling/index,0.0
www.cnn.com/2016/03/25/opinions/how-to-thwart-terrorist-plot-opinion-hertling/index.html,0.0
sporza.be/cm/sporza,0.0
sporza.be/cm/sporza/wielrennen,0.0
sporza.be/cm/sporza/matchcenter/mc_wielrennen/Comp_voorjaar_2016/1.2587904,0.0
wiki.wina.be/examens/index.php/Hoofdpagina,0.0
wiki.wina.be/examens/index.php/Categorie:3bi,0.0
pythoncentral.io/execute-python-script-file-shell,0.0
www.python.org/download/releases,0.0
en.wikipedia.org/wiki/Predictive_learning,0.0
en.wikipedia.org/wiki/Wikipedia:Stub,0.0
www.standaard.be/cnt/dmf20160325_02204284,0.0
www.standaard.be,0.0
www.standaard.be/nieuws/binnenland,0.0
www.standaard.be/cnt/dmf20160326_02205525,0.0
www.standaard.be/tag/aanslagen-brussel,0.0
www.standaard.be/nieuws/buitenland,0.0
www.standaard.be/nieuws/buitenland,0.0
www.standaard.be/nieuws/sport,0.0
www.standaard.be/nieuws/sport/voetbal,0.0
www.standaard.be/nieuws/sport,0.0
www.standaard.be/cnt/dmf20160325_02203505,0.0
www.standaard.be/plus/ochtend,0.0
www.standaard.be/plus,0.0
www.standaard.be/plus/ochtend,0.0
deredactie.be/cm/vrtnieuws,0.0
deredactie.be/cm/vrtnieuws/videozone,0.0
deredactie.be/cm/vrtnieuws/videozone/nieuws/politiek/1.2612587,0.0
deredactie.be/cm/vrtnieuws/2.43497,0.0
deredactie.be/cm/vrtnieuws/videozone/programmas/journaal,0.0
deredactie.be/cm/vrtnieuws/videozone/nieuws/binnenland,0.0
deredactie.be/cm/vrtnieuws/videozone/programmas/journaal,0.0
deredactie.be/cm/vrtnieuws/videozone/meestbekeken,0.0
deredactie.be/cm/vrtnieuws/videozone/programmas/journaal,0.0
deredactie.be/cm/vrtnieuws/videozone/nieuws,0.0
onderwijsaanbod.kuleuven.be/opleidingen/n/CQ_50362492.htm,0.0
onderwijsaanbod.kuleuven.be/opleidingen/n/index.htm,0.0
onderwijsaanbod.kuleuven.be/opleidingen/n/CQ_50268945.htm,0.0
onderwijsaanbod.kuleuven.be/opleidingen/n/SC_51230411.htm,0.0
onderwijsaanbod.kuleuven.be/syllabi/n/H04H0BN.htm,0.0
onderwijsaanbod.kuleuven.be/opleidingen/n/SC_51230411.htm,0.0
onderwijsaanbod.kuleuven.be/syllabi/e/H02C6AE.htm,0.0
onderwijsaanbod.kuleuven.be/opleidingen/n/SC_51230411.htm,0.0
onderwijsaanbod.kuleuven.be/syllabi/e/H0T25AE.htm,0.0
onderwijsaanbod.kuleuven.be/opleidingen/n/SC_51230411.htm,0.0
onderwijsaanbod.kuleuven.be/syllabi/e/H02H4AE.htm,0.0
onderwijsaanbod.kuleuven.be/opleidingen/e/SC_51016880.htm,0.0
onderwijsaanbod.kuleuven.be/syllabi/e/H02C4AE.htm,0.0
onderwijsaanbod.kuleuven.be/opleidingen/e/SC_51016880.htm,0.0
www.kuleuven.be/studenten,0.0
nieuws.kuleuven.be,0.0
www.kuleuven.be/kuleuven,0.0
onderwijsaanbod.kuleuven.be/opleidingen/n,0.0
onderwijsaanbod.kuleuven.be/opleidingen/n/F_50000486.htm,0.0
onderwijsaanbod.kuleuven.be/opleidingen/n/F_50000486.htm,0.0
eng.kuleuven.be/toekomstigestudenten,0.0
eng.kuleuven.be/toekomstigestudenten/burgerlijk-ingenieur,0.0
eng.kuleuven.be/studenten,0.0
eng.kuleuven.be/studenten/programmas/index.html,0.0
eng.kuleuven.be/studenten/programmas/index.html,0.0
eng.kuleuven.be/english/education/internationalisation,0.0
www.apple.com,0.0
www.kblvb.be,0.0
www.kblvb.be/Competitie/Wedstrijdplanning,0.0
www.vbal4.be,0.0
deredactie.be/cm/vrtnieuws,0.0
toledo.kuleuven.be,0.0
www.standaard.be,0.0
www.kuleuven.be/studeren,0.0
www.kuleuven.be/onderwijs/student,0.0
www.kuleuven.be/onderwijs/traject/vrijstelling/index,0.0
wiki.wina.be/examens/index.php/Hoofdpagina,0.0
wiki.wina.be/examens/index.php/Hoofdpagina,0.0
wiki.wina.be/examens/index.php/Categorie:3bi,0.0
tweakers.net,0.0
sporza.be/cm/sporza,0.0
sporza.be/cm/sporza/wielrennen,0.0
sporza.be/cm/sporza/matchcenter/mc_wielrennen/Comp_voorjaar_2016/1.2587904,0.0
tweakers.net/nieuws/109715/microsoft-begint-met-uitleveren-van-surface-hub.html,0.0
gathering.tweakers.net,0.0
gathering.tweakers.net/forum/list_topics/22,0.0
gathering.tweakers.net/forum/list_messages/1160786,0.0
www.python.org/download/releases,0.0
www.python.org/download/releases/1.6.1,0.0
en.wikipedia.org/wiki/Predictive_learning,0.0
en.wikipedia.org/wiki/Machine_learning,0.0
en.wikipedia.org/wiki/Computer_science,0.0
www.standaard.be,0.0
www.standaard.be/nieuws/sport,0.0
www.standaard.be/nieuws/sport/voetbal,0.0
www.standaard.be/cnt/dmf20160305_02166968,0.0
www.standaard.be,0.0
deredactie.be/cm/vrtnieuws,0.0
www.reddit.com,0.0
www.reddit.com,0.0
onderwijsaanbod.kuleuven.be/opleidingen/n,0.0
onderwijsaanbod.kuleuven.be/opleidingen/n/CQ_50268945.htm,0.0
onderwijsaanbod.kuleuven.be/opleidingen/n/SC_51230411.htm,0.0
www.kuleuven.be/kuleuven,0.0
onderwijsaanbod.kuleuven.be/opleidingen/n,0.0
onderwijsaanbod.kuleuven.be/opleidingen/n/CQ_50268945.htm,0.0
onderwijsaanbod.kuleuven.be/opleidingen/n/SC_51230411.htm,0.0
onderwijsaanbod.kuleuven.be/syllabi/e/H02C1AE.htm,0.0
onderwijsaanbod.kuleuven.be/syllabi/e/H02C1AE.htm,0.0
onderwijsaanbod.kuleuven.be/opleidingen/e/SC_51016880.htm,0.0
www.kuleuven.be/wieiswie/en/person/00003755,0.0
www.kuleuven.be/wieiswie/en/unit/50017710,0.0
www.kuleuven.be/wieiswie/en/person/00015195,0.0
www.kuleuven.be/wieiswie/en/person/00015195,0.0
www.kuleuven.be/wieiswie/en/person/00015195,0.0
www.kuleuven.be/english,0.0
www.kuleuven.be/kuleuven,0.0
onderwijsaanbod.kuleuven.be/opleidingen/n,0.0
onderwijsaanbod.kuleuven.be/opleidingen/n/CQ_50268945.htm,0.0
onderwijsaanbod.kuleuven.be/opleidingen/n/SC_51230411.htm,0.0
onderwijsaanbod.kuleuven.be/syllabi/e/H0T25AE.htm,0.0
onderwijsaanbod.kuleuven.be/opleidingen/n/SC_51230411.htm,0.0
onderwijsaanbod.kuleuven.be/syllabi/n/G0K32AN.htm,0.0
www.kuleuven.be/kuleuven,0.0
www.kuleuven.be/studeren,0.0
www.kuleuven.be/studentenvoorzieningen,0.0
www.kuleuven.be/studentenvoorzieningen/studentenvoorzieningenleuven_index,0.0
www.kuleuven.be/studentenvoorzieningen/jobdienst,0.0
www.kuleuven.be/studentenvoorzieningen/jobdienst/jobstudent,0.0
www.kuleuven.be/studentenvoorzieningen/jobdienst/jobstudent,0.0
www.kuleuven.be/studentenvoorzieningen/jobdienst/werkgever/index.html,0.0
bib.kuleuven.be,0.0
bib.kuleuven.be/ub/over,0.0
bib.kuleuven.be/universiteitsarchief,0.0
bib.kuleuven.be/universiteitsarchief/studiezaal,0.0
bib.kuleuven.be/universiteitsarchief/collecties,0.0
bib.kuleuven.be/universiteitsarchief/collecties/musea,0.0
bib.kuleuven.be/universiteitsarchief/collecties/musea,0.0
www.kuleuven.be/over-kuleuven,0.0
www.economist.com,0.0
www.economist.com/news/world-week/21695571-politics-week,0.0
jobs.economist.com,0.0
flask.pocoo.org,0.0
flask.pocoo.org/docs/0.10,0.0
flask.pocoo.org/docs/0.10/foreword,0.0
flask.pocoo.org/docs/0.10/becomingbig,0.0
flask.pocoo.org/docs/0.10/api,0.0
github.com/mitsuhiko/flask/wiki,0.0
www.google.be,0.0
nl.wikipedia.org/wiki/Raymond_Feist,0.0
af.wikipedia.org/wiki/Los_Angeles,0.0
af.wikipedia.org/wiki/Verenigde_State,0.0
af.wikipedia.org/wiki/Republiek,0.0
af.wikipedia.org/wiki/Latyn,0.0
af.wikipedia.org/wiki/Rome,0.0
af.wikipedia.org/wiki/Hoofstad,0.0
af.wikipedia.org/wiki/Provinsie,0.0
af.wikipedia.org/wiki/Woiwodskap,0.0
af.wikipedia.org/wiki/Hertog,0.0
af.wikipedia.org/wiki/Staatshoof,0.0
af.wikipedia.org/wiki/Staat,0.0
ca.wikipedia.org/wiki/Autoritat,0.0
ca.wikipedia.org/wiki/Personalitat_autorit%C3%A0ria,0.0
ca.wikipedia.org/wiki/Psicologia_social,0.0
ca.wikipedia.org/wiki/Psicologia,0.0
ca.wikipedia.org/wiki/Ci%C3%A8ncia,0.0
ca.wikipedia.org/wiki/Etimologia,0.0
ca.wikipedia.org/wiki/Ling%C3%BC%C3%ADstica,0.0
ang.wikipedia.org/wiki/Witancr%C3%A6ft,0.0
ang.wikipedia.org/wiki/N%C4%ABwenglisc_spr%C7%A3c,0.0
ang.wikipedia.org/wiki/Westgermanisca_spr%C7%A3ca,0.0
en.wikipedia.org/wiki/Linguistics,0.0
en.wikipedia.org/wiki/Corpus_linguistics,0.0
en.wikipedia.org/wiki/Sanskrit,0.0
en.wikipedia.org/wiki/Poetry,0.0
en.wikipedia.org/wiki/Literature,0.0
en.wikipedia.org/wiki/Writing,0.0
en.wikipedia.org/wiki/Communication,0.0
en.wikipedia.org/wiki/Latin,0.0
en.wikipedia.org/wiki/Classical_language,0.0
en.wikipedia.org/wiki/Language,0.0
www.technobuffalo.com,0.0
www.technobuffalo.com,0.0
www.premierleague.com/en-gb.html,0.0
www.premierleague.com/en-gb/matchday/league-table.html,0.0
sporza.be/cm/sporza/voetbal/EK/1.2612887,0.0
sporza.be/cm/sporza/voetbal/Jupiler_Pro_League,0.0
onderwijsaanbod.kuleuven.be/opleidingen/n,0.0
onderwijsaanbod.kuleuven.be/opleidingen/n/CQ_50268945.htm,0.0
www.ormit.be,0.0
www.ormit.be/for-talents,0.0
www.ormit.be/for-talents/mcp-business-it,0.0
www.kuleuven.be/kuleuven,0.0
www.kuleuven.be/studeren,0.0
eng.kuleuven.be/studenten,0.0
eng.kuleuven.be/studenten/programmas/index.html,0.0
onderwijsaanbod.kuleuven.be/opleidingen/n/F_50000486.htm,0.0
onderwijsaanbod.kuleuven.be/opleidingen/n/CQ_50268945.htm,0.0
onderwijsaanbod.kuleuven.be/opleidingen/n/SC_51230411.htm,0.0
www.kuleuven.be/kuleuven,0.0
www.kuleuven.be/studeren,0.0
eng.kuleuven.be/studenten,0.0
eng.kuleuven.be/studenten/programmas/index.html,0.0
onderwijsaanbod.kuleuven.be/opleidingen/n/F_50000486.htm,0.0
onderwijsaanbod.kuleuven.be/opleidingen/n/CQ_50268945.htm,0.0
onderwijsaanbod.kuleuven.be/opleidingen/n/SC_51230411.htm,0.0
dtai.cs.kuleuven.be,0.0
dtai.cs.kuleuven.be/education/masterthesis,0.0
dtai.cs.kuleuven.be/education/masterthesis/guidelines,0.0
eng.kuleuven.be/onderwijs/studenten/masterproef/index.html,0.0
eng.kuleuven.be/onderwijs/studenten/masterproef/index.html,0.0
www.leuven.be,0.0
www.leuven.be/index.jsp,0.0
www.leuven.be/leven/huisvuil-milieu,0.0
www.leuven.be/leven/huisvuil-milieu/afval,0.0
scoooreleague.be,0.0
scoooreleague.be/en/statistics/statistical-leaders,0.0
scoooreleague.be/advanced_stats,0.0
en.belclimb.be/Index.asp,0.0
en.belclimb.be/home_competition.asp,0.0
en.belclimb.be,0.0
en.belclimb.be,0.0
en.belclimb.be,0.0
en.belclimb.be,0.0
www.leuven.be/index.jsp,0.0
www.leuven.be/leven/mobiliteit-openbare-werken,0.0
www.leuven.be/leven/mobiliteit-openbare-werken/parkeren,0.0
wms.cs.kuleuven.be/cs,0.0
wms.cs.kuleuven.be/cs/studenten,0.0
wms.cs.kuleuven.be/cs/opleidingen/master-computerwetenschappen/master-computerwetenschappen.html,0.0
wms.cs.kuleuven.be/cs/opleidingen/master-computerwetenschappen/huidige-studenten/huidige-studenten,0.0
www2.cs.kuleuven.be/cs/studenten/eindwerken/20162017/onderwerpen/onderwerpen.shtml,0.0
