www.reddit.com,www.reddit.com/r/photoshopbattles/comments/488v5v/psbattle_dicaprio_gets_an_oscar_for_best_actor
www.reddit.com/r/photoshopbattles/comments/488v5v,www.reddit.com/r/photoshopbattles/comments/488v5v/psbattle_dicaprio_gets_an_oscar_for_best_actor
www.reddit.com/r/recruitinghell/comments/437tt5,www.reddit.com/r/recruitinghell/comments/437tt5/you_woke_me_up_for_this
www.reddit.com/r/recruitinghell,www.reddit.com/r/recruitinghell/comments/437tt5/you_woke_me_up_for_this
www.reddit.com/r/recruitinghell,www.reddit.com/r/recruitinghell/comments/45n7w7/recruiter_what_was_your_salary_at_your_previous
www.reddit.com/r/photoshopbattles,www.reddit.com/r/photoshopbattles/comments/488v5v/psbattle_dicaprio_gets_an_oscar_for_best_actor
www.reddit.com/r/recruitinghell/comments,www.reddit.com/r/recruitinghell/comments/437tt5/you_woke_me_up_for_this
www.reddit.com/r/recruitinghell/comments,www.reddit.com/r/recruitinghell/comments/45n7w7/recruiter_what_was_your_salary_at_your_previous
www.reddit.com/r,www.reddit.com/r/photoshopbattles/comments/488v5v/psbattle_dicaprio_gets_an_oscar_for_best_actor
www.reddit.com/r/recruitinghell/comments/45n7w7,www.reddit.com/r/recruitinghell/comments/45n7w7/recruiter_what_was_your_salary_at_your_previous
www.reddit.com/r/photoshopbattles/comments,www.reddit.com/r/photoshopbattles/comments/488v5v/psbattle_dicaprio_gets_an_oscar_for_best_actor
www.nieuwsblad.be,www.nieuwsblad.be/cnt/dmf20160229_02155576
www.nieuwsblad.be/cnt,www.nieuwsblad.be/cnt/dmf20160229_02155576
www.overleaf.com,www.overleaf.com/latex/templates
www.overleaf.com/latex,www.overleaf.com/latex/templates
uk.businessinsider.com,uk.businessinsider.com/tech
www.hln.be,www.hln.be/hln/nl/961/Wetenschap
www.hln.be/hln/nl/2656/Global-Warming/article/detail/2654038/2016,www.hln.be/hln/nl/2656/Global-Warming/article/detail/2654038/2016/03/22/Groot-watertekort-in-2030.dhtml
www.hln.be/hln/nl,www.hln.be/hln/nl/923/Sport/index.dhtml
www.hln.be/hln/nl/957/Binnenland/article/detail/2657907/2016/03,www.hln.be/hln/nl/957/Binnenland/article/detail/2657907/2016/03/25/Video-toont-hoe-politie-kind-weghaalt-bij-neergeschoten-verdachte-in-Schaarbeek.dhtml
www.hln.be/hln/nl/2656/Global-Warming/article/detail/2654038/2016/03,www.hln.be/hln/nl/2656/Global-Warming/article/detail/2654038/2016/03/22/Groot-watertekort-in-2030.dhtml
www.hln.be/hln/nl/9090/Voetbal,www.hln.be/hln/nl/9090/Voetbal/index.dhtml
www.hln.be/hln,www.hln.be/hln/nl/923/Sport/index.dhtml
www.hln.be/hln/nl/957/Binnenland/article/detail/2657907/2016/03/25,www.hln.be/hln/nl/957/Binnenland/article/detail/2657907/2016/03/25/Video-toont-hoe-politie-kind-weghaalt-bij-neergeschoten-verdachte-in-Schaarbeek.dhtml
www.hln.be/hln/nl/957,www.hln.be/hln/nl/957/Binnenland/article/detail/2657907/2016/03/25/Video-toont-hoe-politie-kind-weghaalt-bij-neergeschoten-verdachte-in-Schaarbeek.dhtml
www.hln.be/hln/nl/2656/Global-Warming,www.hln.be/hln/nl/2656/Global-Warming/article/detail/2654038/2016/03/22/Groot-watertekort-in-2030.dhtml
www.hln.be/hln/nl/961,www.hln.be/hln/nl/961/Wetenschap/2324/Global-Warming/actua/index.dhtml
www.hln.be/hln/nl/957/Binnenland/article/detail/2657907,www.hln.be/hln/nl/957/Binnenland/article/detail/2657907/2016/03/25/Video-toont-hoe-politie-kind-weghaalt-bij-neergeschoten-verdachte-in-Schaarbeek.dhtml
www.hln.be/hln/nl/2656,www.hln.be/hln/nl/2656/Global-Warming/article/detail/2654038/2016/03/22/Groot-watertekort-in-2030.dhtml
www.hln.be/hln/nl/2656/Global-Warming/article/detail,www.hln.be/hln/nl/2656/Global-Warming/article/detail/2654038/2016/03/22/Groot-watertekort-in-2030.dhtml
www.hln.be/hln/nl/957/Binnenland/article/detail,www.hln.be/hln/nl/957/Binnenland/article/detail/2657907/2016/03/25/Video-toont-hoe-politie-kind-weghaalt-bij-neergeschoten-verdachte-in-Schaarbeek.dhtml
www.hln.be/hln/nl/957/Binnenland,www.hln.be/hln/nl/957/Binnenland/article/detail/2657907/2016/03/25/Video-toont-hoe-politie-kind-weghaalt-bij-neergeschoten-verdachte-in-Schaarbeek.dhtml
www.hln.be/hln/nl/949,www.hln.be/hln/nl/949/Belgisch-Voetbal/index.dhtml
www.hln.be/hln/nl/9090,www.hln.be/hln/nl/9090/Voetbal/index.dhtml
www.hln.be/regio,www.hln.be/regio/nieuws-uit-zemst/comite-p-onderzoekt-terreurtip-a2657330
www.hln.be/hln/nl/923/Sport,www.hln.be/hln/nl/923/Sport/index.dhtml
www.hln.be/hln/nl/2656/Global-Warming/article/detail/2654038/2016/03/22,www.hln.be/hln/nl/2656/Global-Warming/article/detail/2654038/2016/03/22/Groot-watertekort-in-2030.dhtml
www.hln.be/hln/nl/961/Wetenschap/2324,www.hln.be/hln/nl/961/Wetenschap/2324/Global-Warming/actua/index.dhtml
www.hln.be/hln/nl/961/Wetenschap,www.hln.be/hln/nl/961/Wetenschap/2324/Global-Warming/actua/index.dhtml
www.hln.be/hln/nl/961/Wetenschap/2324/Global-Warming,www.hln.be/hln/nl/961/Wetenschap/2324/Global-Warming/actua/index.dhtml
www.hln.be/hln/nl/957/Binnenland/article/detail/2657907/2016,www.hln.be/hln/nl/957/Binnenland/article/detail/2657907/2016/03/25/Video-toont-hoe-politie-kind-weghaalt-bij-neergeschoten-verdachte-in-Schaarbeek.dhtml
www.hln.be/hln/nl/961/Wetenschap/2324/Global-Warming/actua,www.hln.be/hln/nl/961/Wetenschap/2324/Global-Warming/actua/index.dhtml
www.hln.be/hln/nl/2656/Global-Warming/article,www.hln.be/hln/nl/2656/Global-Warming/article/detail/2654038/2016/03/22/Groot-watertekort-in-2030.dhtml
www.hln.be/regio/nieuws-uit-zemst,www.hln.be/regio/nieuws-uit-zemst/comite-p-onderzoekt-terreurtip-a2657330
www.hln.be/hln/nl/957/Binnenland/article,www.hln.be/hln/nl/957/Binnenland/article/detail/2657907/2016/03/25/Video-toont-hoe-politie-kind-weghaalt-bij-neergeschoten-verdachte-in-Schaarbeek.dhtml
www.hln.be/hln/nl/923,www.hln.be/hln/nl/923/Sport/index.dhtml
www.hln.be/hln/nl/949/Belgisch-Voetbal,www.hln.be/hln/nl/949/Belgisch-Voetbal/index.dhtml
www.hln.be/hln/nl/2656/Global-Warming/article/detail/2654038,www.hln.be/hln/nl/2656/Global-Warming/article/detail/2654038/2016/03/22/Groot-watertekort-in-2030.dhtml
sporza.be,sporza.be/cm/sporza/voetbal/Jupiler_Pro_League
sporza.be/cm/sporza/atletiek,sporza.be/cm/sporza/atletiek/WK_atletiek
sporza.be/cm/sporza/matchcenter,sporza.be/cm/sporza/matchcenter/mc_voetbal/jupilerleague_1516/JPL_PO_speeldag1
sporza.be/cm/sporza/voetbal,sporza.be/cm/sporza/voetbal/Jupiler_Pro_League/2.5199
sporza.be/cm/sporza/videozone/programmas,sporza.be/cm/sporza/videozone/programmas/extratime
sporza.be/cm/sporza/tennis,sporza.be/cm/sporza/tennis/ranglijsten
sporza.be/cm/sporza/matchcenter/mc_voetbal,sporza.be/cm/sporza/matchcenter/mc_voetbal/jupilerleague_1516/JPL_PO_speeldag1
sporza.be/cm/sporza/voetbal/Jupiler_Pro_League,sporza.be/cm/sporza/voetbal/Jupiler_Pro_League/2.5199
sporza.be/cm/sporza/matchcenter/mc_voetbal/jupilerleague_1516,sporza.be/cm/sporza/matchcenter/mc_voetbal/jupilerleague_1516/JPL_PO_speeldag1
sporza.be/cm/sporza/videozone,sporza.be/cm/sporza/videozone/programmas/extratime
sporza.be/cm,sporza.be/cm/sporza/voetbal/Jupiler_Pro_League
sporza.be/cm/sporza,sporza.be/cm/sporza/voetbal/Jupiler_Pro_League
www.kuleuven.be,www.kuleuven.be/onderwijs/student
www.kuleuven.be/sport/sportaanbod/individuele-sporten,www.kuleuven.be/sport/sportaanbod/individuele-sporten/badminton
www.kuleuven.be/sport,www.kuleuven.be/sport/sportaanbod/individuele-sporten/badminton
www.kuleuven.be/campus,www.kuleuven.be/campus/leuven/index.html
www.kuleuven.be/campus/leuven,www.kuleuven.be/campus/leuven/index.html
www.kuleuven.be/toekomstigestudenten,www.kuleuven.be/toekomstigestudenten/info-per-campus.php
www.kuleuven.be/onderwijs,www.kuleuven.be/onderwijs/student
www.kuleuven.be/sport/sportaanbod,www.kuleuven.be/sport/sportaanbod/individuele-sporten/badminton
onderwijsaanbod.kuleuven.be,onderwijsaanbod.kuleuven.be/opleidingen/n/SC_51016775.htm
onderwijsaanbod.kuleuven.be,onderwijsaanbod.kuleuven.be/opleidingen/n/CQ_50268901.htm
onderwijsaanbod.kuleuven.be/opleidingen,onderwijsaanbod.kuleuven.be/opleidingen/n/SC_51016775.htm
onderwijsaanbod.kuleuven.be/opleidingen,onderwijsaanbod.kuleuven.be/opleidingen/n/CQ_50268901.htm
onderwijsaanbod.kuleuven.be/opleidingen/n,onderwijsaanbod.kuleuven.be/opleidingen/n/SC_51016775.htm
onderwijsaanbod.kuleuven.be/opleidingen/n,onderwijsaanbod.kuleuven.be/opleidingen/n/CQ_50268901.htm
9gag.com,9gag.com/trending
www.cedarpoint.com,www.cedarpoint.com/online-fun/live-video-cam
www.cedarpoint.com/online-fun,www.cedarpoint.com/online-fun/live-video-cam
www.radio1.be,www.radio1.be/programmas/playlists/overzicht
www.radio1.be/programmas/playlists,www.radio1.be/programmas/playlists/overzicht
www.radio1.be/programmas,www.radio1.be/programmas/playlists/overzicht
www.nationale-loterij.be,www.nationale-loterij.be/nl/onze-spelen/euro-millions/resultaten
www.nationale-loterij.be/nl/onze-spelen,www.nationale-loterij.be/nl/onze-spelen/euro-millions/resultaten
www.nationale-loterij.be/nl/onze-spelen/euro-millions,www.nationale-loterij.be/nl/onze-spelen/euro-millions/resultaten
www.nationale-loterij.be/nl,www.nationale-loterij.be/nl/onze-spelen/euro-millions/resultaten
www.hbvl.be,www.hbvl.be/tot-uw-dienst/info-en-contact
www.hbvl.be/tot-uw-dienst,www.hbvl.be/tot-uw-dienst/info-en-contact
tweakers.net,tweakers.net/categorie/215/smartphones/producten
tweakers.net/categorie/215/smartphones,tweakers.net/categorie/215/smartphones/producten
tweakers.net/categorie/215,tweakers.net/categorie/215/smartphones/producten
tweakers.net/categorie,tweakers.net/categorie/215/smartphones/producten
www.apple.com,www.apple.com/iphone-6s
www.apple.com,www.apple.com/iphone
www.google.be,www.google.be/intl/en/about
www.google.be/intl/en,www.google.be/intl/en/about
www.google.be/intl,www.google.be/intl/en/about
www.bol.com,www.bol.com/nl/m/nederlandse-boeken/thrillers-fantasy/N/255+8293/index.html
www.bol.com/nl/m/nederlandse-boeken/thrillers-fantasy/N/255+8293,www.bol.com/nl/m/nederlandse-boeken/thrillers-fantasy/N/255+8293/index.html
www.bol.com/nl/boeken/nederlandse-boeken,www.bol.com/nl/boeken/nederlandse-boeken/index.html
www.bol.com/nl,www.bol.com/nl/m/nederlandse-boeken/thrillers-fantasy/N/255+8293/index.html
www.bol.com/nl/m/nederlandse-boeken/thrillers-fantasy,www.bol.com/nl/m/nederlandse-boeken/thrillers-fantasy/N/255+8293/index.html
www.bol.com/nl/boeken,www.bol.com/nl/boeken/nederlandse-boeken/index.html
www.bol.com/nl/m/nederlandse-boeken/thrillers-fantasy/N,www.bol.com/nl/m/nederlandse-boeken/thrillers-fantasy/N/255+8293/index.html
www.bol.com/nl/m/nederlandse-boeken,www.bol.com/nl/m/nederlandse-boeken/thrillers-fantasy/N/255+8293/index.html
www.bol.com/nl/m,www.bol.com/nl/m/nederlandse-boeken/thrillers-fantasy/N/255+8293/index.html
www.youtube.com,www.youtube.com/yt/dev/api-resources.html
www.youtube.com/yt/dev,www.youtube.com/yt/dev/api-resources.html
www.youtube.com/yt,www.youtube.com/yt/dev/api-resources.html
www.kapaza.be,www.kapaza.be/nl/auto
www.kapaza.be,www.kapaza.be/nl/bmw
www.kapaza.be/nl,www.kapaza.be/nl/auto
www.kapaza.be/nl,www.kapaza.be/nl/bmw
people.cs.kuleuven.be,people.cs.kuleuven.be/~bart.demoen/FCW
people.cs.kuleuven.be/~bart.demoen,people.cs.kuleuven.be/~bart.demoen/FCW
www.vier.be,www.vier.be/demol/programmas/de-mol
www.vier.be/demol/programmas,www.vier.be/demol/programmas/de-mol
www.vier.be/theskyisthelimit/programmas,www.vier.be/theskyisthelimit/programmas/sky-limit
www.vier.be/theskyisthelimit,www.vier.be/theskyisthelimit/programmas/sky-limit
www.vier.be/volledige-afleveringen,www.vier.be/volledige-afleveringen/964036
www.vier.be/demol,www.vier.be/demol/programmas/de-mol
www.twitch.tv,www.twitch.tv/directory/all
www.twitch.tv/directory,www.twitch.tv/directory/all
webwsp.aps.kuleuven.be,webwsp.aps.kuleuven.be/sap(bD1ubCZjPTIwMA==)/public/bsp/sap/z_mijnuurrstrs
webwsp.aps.kuleuven.be/sap(bD1ubCZjPTIwMA==)/public/bsp/sap,webwsp.aps.kuleuven.be/sap(bD1ubCZjPTIwMA==)/public/bsp/sap/z_mijnuurrstrs
webwsp.aps.kuleuven.be/sap(bD1ubCZjPTIwMA==)/public,webwsp.aps.kuleuven.be/sap(bD1ubCZjPTIwMA==)/public/bsp/sap/z_mijnuurrstrs
webwsp.aps.kuleuven.be/sap(bD1ubCZjPTIwMA==)/public/bsp,webwsp.aps.kuleuven.be/sap(bD1ubCZjPTIwMA==)/public/bsp/sap/z_mijnuurrstrs
webwsp.aps.kuleuven.be/sap(bD1ubCZjPTIwMA==),webwsp.aps.kuleuven.be/sap(bD1ubCZjPTIwMA==)/public/bsp/sap/z_mijnuurrstrs
deredactie.be,deredactie.be/cm/vrtnieuws/regio/antwerpen
deredactie.be/cm/vrtnieuws/regio,deredactie.be/cm/vrtnieuws/regio/antwerpen
deredactie.be/cm,deredactie.be/cm/vrtnieuws/regio/antwerpen
deredactie.be/cm/vrtnieuws,deredactie.be/cm/vrtnieuws/regio/antwerpen
deredactie.be/cm/vrtnieuws/buitenland,deredactie.be/cm/vrtnieuws/buitenland/Amerika-kiest
deredactie.be/cm/vrtnieuws/cultuur%2Ben%2Bmedia,deredactie.be/cm/vrtnieuws/cultuur%2Ben%2Bmedia/film
cygnus.cc.kuleuven.be,cygnus.cc.kuleuven.be/webapps/discussionboard/do
cygnus.cc.kuleuven.be/webapps/discussionboard,cygnus.cc.kuleuven.be/webapps/discussionboard/do
cygnus.cc.kuleuven.be/webapps/blackboard/execute,cygnus.cc.kuleuven.be/webapps/blackboard/execute/course/tools
cygnus.cc.kuleuven.be/webapps/blackboard,cygnus.cc.kuleuven.be/webapps/blackboard/execute/course/tools
cygnus.cc.kuleuven.be/webapps/blackboard/execute/course,cygnus.cc.kuleuven.be/webapps/blackboard/execute/course/tools
cygnus.cc.kuleuven.be/webapps,cygnus.cc.kuleuven.be/webapps/discussionboard/do
toledo.kuleuven.be,toledo.kuleuven.be/portal
eng.kuleuven.be,eng.kuleuven.be/studenten/masterproef/masterproef/index.html
eng.kuleuven.be/studenten,eng.kuleuven.be/studenten/masterproef/masterproef/index.html
eng.kuleuven.be/studenten/examens-evaluatie-diploma-1,eng.kuleuven.be/studenten/examens-evaluatie-diploma-1/index
eng.kuleuven.be/studenten/examens-evaluatie-diploma-1,eng.kuleuven.be/studenten/examens-evaluatie-diploma-1/diploma
eng.kuleuven.be/studenten/masterproef,eng.kuleuven.be/studenten/masterproef/masterproef/index.html
eng.kuleuven.be/studenten/masterproef/masterproef,eng.kuleuven.be/studenten/masterproef/masterproef/index.html
southpark.cc.com,southpark.cc.com/full-episodes/s19e05-safe-space
southpark.cc.com/full-episodes,southpark.cc.com/full-episodes/s19e05-safe-space
stackoverflow.com,stackoverflow.com/jobs
www.standaard.be,www.standaard.be/nieuws/sport/atletiek
www.standaard.be/nieuws,www.standaard.be/nieuws/sport/atletiek
www.standaard.be/nieuws/sport,www.standaard.be/nieuws/sport/atletiek
wet.kuleuven.be,wet.kuleuven.be/studenten/onderwijs
wet.kuleuven.be/studenten,wet.kuleuven.be/studenten/onderwijs
www.alma.be,www.alma.be/nl/restaurant/alma-3
www.alma.be/nl/restaurant,www.alma.be/nl/restaurant/alma-3
www.alma.be/nl,www.alma.be/nl/restaurant/alma-3
www.quiz-kalender.be,www.quiz-kalender.be/provincie-antwerpen
joglog.azurewebsites.net,joglog.azurewebsites.net/Jogging/List
joglog.azurewebsites.net/Jogging,joglog.azurewebsites.net/Jogging/List
stratenlopen.be,stratenlopen.be/calendar.php
runkeeper.com,runkeeper.com/user/jeffhoremans/fitnessReports/cardio
runkeeper.com/user,runkeeper.com/user/jeffhoremans/fitnessReports/cardio
runkeeper.com/user/jeffhoremans,runkeeper.com/user/jeffhoremans/fitnessReports/cardio
runkeeper.com/user/jeffhoremans/fitnessReports,runkeeper.com/user/jeffhoremans/fitnessReports/cardio
www.ucll.be,www.ucll.be/studeren/student-aan-ucll/campussen/campus-hertogstraat/sporthal/sportaanbod-heverlee
www.ucll.be/studeren/student-aan-ucll,www.ucll.be/studeren/student-aan-ucll/campussen/campus-hertogstraat/sporthal/sportaanbod-heverlee
www.ucll.be/studeren/student-aan-ucll/campussen/campus-hertogstraat/sporthal/sportaanbod-heverlee,www.ucll.be/studeren/student-aan-ucll/campussen/campus-hertogstraat/sporthal/sportaanbod-heverlee/badminton
www.ucll.be/studeren/student-aan-ucll/campussen/campus-hertogstraat/sporthal,www.ucll.be/studeren/student-aan-ucll/campussen/campus-hertogstraat/sporthal/sportaanbod-heverlee/badminton
www.ucll.be/studeren/student-aan-ucll/diensten-voor-studenten/diensten-voor-studenten-leuven-0,www.ucll.be/studeren/student-aan-ucll/diensten-voor-studenten/diensten-voor-studenten-leuven-0/sport-leuven
www.ucll.be/studeren/student-aan-ucll/diensten-voor-studenten,www.ucll.be/studeren/student-aan-ucll/diensten-voor-studenten/diensten-voor-studenten-leuven-0/sport-leuven
www.ucll.be/studeren/student-aan-ucll/diensten-voor-studenten/diensten-voor-studenten-leuven,www.ucll.be/studeren/student-aan-ucll/diensten-voor-studenten/diensten-voor-studenten-leuven-0/sport-leuven
www.ucll.be/studeren,www.ucll.be/studeren/student-aan-ucll/campussen/campus-hertogstraat/sporthal/sportaanbod-heverlee
www.ucll.be/studeren/student-aan-ucll/campussen/campus-hertogstraat,www.ucll.be/studeren/student-aan-ucll/campussen/campus-hertogstraat/sporthal/sportaanbod-heverlee/badminton
www.ucll.be/studeren/student-aan-ucll/campussen,www.ucll.be/studeren/student-aan-ucll/campussen/campus-hertogstraat/sporthal/sportaanbod-heverlee/badminton
www.worldsnooker.com,www.worldsnooker.com/news
cuetracker.net,cuetracker.net/Statistics
cuetracker.net/Players,cuetracker.net/Players/Ronnie-OSullivan
cuetracker.net/Statistics,cuetracker.net/Statistics/Centuries/Most-Made/All-time
cuetracker.net/Statistics/Centuries/Most-Made,cuetracker.net/Statistics/Centuries/Most-Made/All-time
cuetracker.net/Statistics/Centuries,cuetracker.net/Statistics/Centuries/Most-Made/All-time
doorbraak.be,doorbraak.be/nl/nieuws
doorbraak.be/nl,doorbraak.be/nl/nieuws
doorbraak.be/nl/nieuws,doorbraak.be/nl/nieuws/voortschrijdend-inzicht-bij-jo%C3%ABl-de-ceulaer
doorbraak.be/nl/nieuws,doorbraak.be/nl/nieuws/de-vijand-die-niet-genoemd-mag-worden
doorbraak.be/nl/nieuws,doorbraak.be/nl/nieuws/europa-opnieuw-oorlog
www.knack.be,www.knack.be/nieuws/belgie/man-opgepakt-bij-antiterreuractie-schaarbeek-jambon-een-persoon-uit-politieapparaat-heeft-geblunderd/live-normal-681403.html
www.knack.be/nieuws/belgie,www.knack.be/nieuws/belgie/man-opgepakt-bij-antiterreuractie-schaarbeek-jambon-een-persoon-uit-politieapparaat-heeft-geblunderd/live-normal-681403.html
www.knack.be/nieuws,www.knack.be/nieuws/belgie/man-opgepakt-bij-antiterreuractie-schaarbeek-jambon-een-persoon-uit-politieapparaat-heeft-geblunderd/live-normal-681403.html
www.knack.be/nieuws/belgie/man-opgepakt-bij-antiterreuractie-schaarbeek-jambon-een-persoon-uit-politieapparaat-heeft-geblunderd,www.knack.be/nieuws/belgie/man-opgepakt-bij-antiterreuractie-schaarbeek-jambon-een-persoon-uit-politieapparaat-heeft-geblunderd/live-normal-681403.html
p.cygnus.cc.kuleuven.be,p.cygnus.cc.kuleuven.be/webapps/assignment
p.cygnus.cc.kuleuven.be/webapps,p.cygnus.cc.kuleuven.be/webapps/assignment
weather.yahoo.com,weather.yahoo.com/belgium/vlaams-brabant/leuven-973505
weather.yahoo.com,weather.yahoo.com/belgium/vlaams-brabant/vilvoorde-12602810
weather.yahoo.com/belgium,weather.yahoo.com/belgium/vlaams-brabant/leuven-973505
weather.yahoo.com/belgium,weather.yahoo.com/belgium/vlaams-brabant/vilvoorde-12602810
weather.yahoo.com/belgium/vlaams-brabant,weather.yahoo.com/belgium/vlaams-brabant/leuven-973505
weather.yahoo.com/belgium/vlaams-brabant,weather.yahoo.com/belgium/vlaams-brabant/vilvoorde-12602810
www.bloomberg.com,www.bloomberg.com/quote/CL1:COM
www.bloomberg.com/markets,www.bloomberg.com/markets/stocks/world-indexes/americas
www.bloomberg.com/markets/stocks/world-indexes,www.bloomberg.com/markets/stocks/world-indexes/americas
www.bloomberg.com/quote,www.bloomberg.com/quote/CL1:COM
www.bloomberg.com/markets/stocks,www.bloomberg.com/markets/stocks/world-indexes/americas
mijn.bibliotheek.be,mijn.bibliotheek.be/portal/rest/user/2d6430a8-51e6-4911-b121-e14c2dbc1f60/library/491993
mijn.bibliotheek.be/portal,mijn.bibliotheek.be/portal/rest/user/2d6430a8-51e6-4911-b121-e14c2dbc1f60/library/491993
mijn.bibliotheek.be/portal/rest/user/2d6430a8-51e6-4911-b121-e14c2dbc1f60/library,mijn.bibliotheek.be/portal/rest/user/2d6430a8-51e6-4911-b121-e14c2dbc1f60/library/491993
mijn.bibliotheek.be/portal/rest/user,mijn.bibliotheek.be/portal/rest/user/2d6430a8-51e6-4911-b121-e14c2dbc1f60/library/491993
mijn.bibliotheek.be/portal/rest/user/2d6430a8-51e6-4911-b121-e14c2dbc1f60,mijn.bibliotheek.be/portal/rest/user/2d6430a8-51e6-4911-b121-e14c2dbc1f60/library/491993
mijn.bibliotheek.be/portal/rest,mijn.bibliotheek.be/portal/rest/user/2d6430a8-51e6-4911-b121-e14c2dbc1f60/library/491993
